Rep Detail Report V2: Angie Robison,,,,,,,,,,,,,,,
Generated: 2025-12-22 11:59:32,,,,,,,,,,,,,,,
,,,,,,,,,,,,,,,
================================================================================,,,,,,,,,,,,,,,
SUMMARY METRICS,,,,,,,,,,,,,,,
================================================================================,,,,,,,,,,,,,,,
Before_Accounts,Before_SF_Ex_BI,Before_Rev_2024,Before_Rev_2025,Accounts_Moved_In,Accounts_Moved_Out,Net_Account_Change,Account_Change_Pct,Rev_Moved_In,Rev_Moved_Out,Net_Rev_Change,Revenue_Change_Pct,After_Accounts,After_Rev_2025,Floor_Exception_Accounts,Floor_Exception_Rev,SF_Ex_BI_Accounts,Zero_Rev_Accounts,Zero_Rev_New_2025,Accounts_Redirected_Territory,Rev_Redirected_Territory,Accounts_Redirected_Floor_Active,Rev_Redirected_Floor_Active,Accounts_Redirected_Floor_Dormant,Rev_Redirected_Floor_Dormant
279,24,4425393.3,4079564.13,0,46,-46,-16.49,0.0,15119.9,-15119.9,-0.37,233,4064444.23,1,0.0,0,22,2,18,0.0,21,15119.9,7,0.0
,,,,,,,,,,,,,,,
,,,,,,,,,,,,,,,
================================================================================,,,,,,,,,,,,,,,
BREAKDOWN BY SEGMENT,,,,,,,,,,,,,,,
================================================================================,,,,,,,,,,,,,,,
,Accounts,Revenue,Exceptions,Removed,,,,,,,,,,
Group 1 High Potential: ,43,1918271.01,0,0,,,,,,,,,,
Group 1 Medium Potential: ,30,1248988.78,0,0,,,,,,,,,,
Group 2 High Potential: ,26,259171.13,0,0,,,,,,,,,,
Group 2 Medium Potential: ,75,593824.56,0,0,,,,,,,,,,
Group 2 Low Potential: ,3,11982.0,0,0,,,,,,,,,,
Group 3 High Potential: ,6,4488.0,0,0,,,,,,,,,,
Group 3 Medium Potential: ,24,26145.9,0,0,,,,,,,,,,
Group 3 Low Potential: ,26,1572.85,1,0,,,,,,,,,,
Totals,233,4064444.23,1,0,,,,,,,,,,
,,,,,,,,,,,,,,,
================================================================================,,,,,,,,,,,,,,,
GROUP 1 (HIGH REVENUE) - KEEPING: 73 accounts | $3167259.79 revenue,,,,,,,,,,,,,,,
================================================================================,,,,,,,,,,,,,,,
Customer No.,Account_Name,Segment,Sub_Segment,Segment_Label,Total_Rev_2024,Total_Rev_2025,Orders_2024,Orders_2025,Is_New_2025,BTF,Floor_Exception,Floor_Removed,In SF ex BI
1011419,J Allans LLC,RETAIL,MULTIPLE_LOCATIONS,Group 1 High Potential,108521.6,154195.33,77,96,FALSE,N,FALSE,FALSE,N
1013466,JFY Designs,DESIGN,DESIGN_FIRM,Group 1 Medium Potential,130284.0,133117.4,36,52,FALSE,N,FALSE,FALSE,N
1006742,Stock and Trade Design Co,RETAIL,MULTIPLE_LOCATIONS,Group 1 Medium Potential,176696.78,126334.32,237,158,FALSE,N,FALSE,FALSE,N
1000090,O.P. Jenkins Furniture Company,RETAIL,MULTIPLE_LOCATIONS,Group 1 High Potential,105948.57,104061.45,82,69,FALSE,N,FALSE,FALSE,N
1000803,"Redo Home and Rugs, Inc.",DESIGN,DESIGN_FIRM,Group 1 High Potential,45012.05,100864.07,26,75,FALSE,N,FALSE,FALSE,N
1006844,American Factory Direct,RETAIL,MULTIPLE_LOCATIONS,Group 1 Medium Potential,113573.5,91061.3,78,68,FALSE,N,FALSE,FALSE,N
1005021,Erik Jason Interiors,DESIGN,DESIGN_FIRM,Group 1 High Potential,75799.9,82874.17,30,54,FALSE,N,FALSE,FALSE,N
1017327,Gulf Coast Home,RETAIL,SINGLE_LOCATION,Group 1 High Potential,77585.28,73471.5,51,55,FALSE,N,FALSE,FALSE,N
1022607,JES & GRAY LIVING,RETAIL,MULTIPLE_LOCATIONS,Group 1 Medium Potential,110935.01,70171.6,177,120,FALSE,N,FALSE,FALSE,N
1000757,Summer House LLC,RETAIL,MULTIPLE_LOCATIONS,Group 1 Medium Potential,69978.91,66612.4,54,26,FALSE,N,FALSE,FALSE,N
1011869,Textures,RETAIL,SINGLE_LOCATION,Group 1 High Potential,89907.81,62833.61,53,58,FALSE,N,FALSE,FALSE,N
1012037,Spiffy Design LLC,DESIGN,DESIGN_FIRM,Group 1 Medium Potential,64524.5,62621.0,57,53,FALSE,N,FALSE,FALSE,N
1006347,"McMillin Interiors, Ltd.",DESIGN,DESIGN_FIRM,Group 1 Medium Potential,57265.48,60357.84,40,40,FALSE,N,FALSE,FALSE,N
1001474,Bella Vita Interiors,DESIGN,DESIGN_FIRM,Group 1 High Potential,37936.3,60088.78,17,20,FALSE,N,FALSE,FALSE,N
1000082,L and M Interior Design LLC,DESIGN,DESIGN_FIRM,Group 1 High Potential,28925.0,58044.8,12,30,FALSE,N,FALSE,FALSE,N
1013488,Cumbaa Design Co,RETAIL,SINGLE_LOCATION,Group 1 High Potential,55932.7,54554.5,53,34,FALSE,N,FALSE,FALSE,N
1005212,Greene & Co. Interiors,DESIGN,DESIGN_FIRM,Group 1 High Potential,38167.98,53911.88,26,33,FALSE,N,FALSE,FALSE,N
1016267,Antique Shops of Jackson,RETAIL,SINGLE_LOCATION,Group 1 High Potential,22707.8,51181.4,16,16,FALSE,N,FALSE,FALSE,N
1000087,Nelson Wilson Interiors,DESIGN,DESIGN_FIRM,Group 1 High Potential,30401.89,50105.0,26,27,FALSE,N,FALSE,FALSE,N
1001144,Beth Haley Design,DESIGN,DESIGN_FIRM,Group 1 High Potential,27030.3,49651.0,22,16,FALSE,N,FALSE,FALSE,N
1015953,Studio 36 Design,DESIGN,DESIGN_FIRM,Group 1 High Potential,39662.95,49500.85,26,32,FALSE,N,FALSE,FALSE,N
1006858,Summer Classics (KY),RETAIL,SINGLE_LOCATION,Group 1 High Potential,20248.3,48976.0,13,30,FALSE,N,FALSE,FALSE,N
1013489,The White House Interiors,RETAIL,SINGLE_LOCATION,Group 1 High Potential,27869.4,47368.4,30,35,FALSE,N,FALSE,FALSE,N
1014610,The Mix Interiors,DESIGN,DESIGNER_INDEPENDENT,Group 1 High Potential,32642.0,43825.62,20,23,FALSE,N,FALSE,FALSE,N
1000052,Haley's Furnishings Inc./Haley's Furnishings CO.,RETAIL,SINGLE_LOCATION,Group 1 High Potential,48761.8,43178.75,46,42,FALSE,N,FALSE,FALSE,N
1025235,The Corbel,RETAIL,SINGLE_LOCATION,Group 1 High Potential,38266.5,42229.7,66,78,FALSE,N,FALSE,FALSE,N
1022899,ASHLEY GALLION INTERIORS INC,RETAIL,SINGLE_LOCATION,Group 1 High Potential,42531.7,41072.25,34,29,FALSE,N,FALSE,FALSE,N
1001406,Sofas and Chairs,RETAIL,SINGLE_LOCATION,Group 1 High Potential,18112.0,40984.1,20,26,FALSE,N,FALSE,FALSE,N
1012634,Kim Mclain Interiors,DESIGN,DESIGN_FIRM,Group 1 High Potential,55802.2,40874.35,35,53,FALSE,N,FALSE,FALSE,N
1004686,"Bragg Furniture Co, Inc.",RETAIL,SINGLE_LOCATION,Group 1 Medium Potential,67551.32,39986.45,45,39,FALSE,N,FALSE,FALSE,N
1004693,Malouf Furniture,RETAIL,SINGLE_LOCATION,Group 1 High Potential,41081.07,38160.8,59,60,FALSE,N,FALSE,FALSE,N
1019612,Myrick Interior Design,DESIGN,DESIGNER_INDEPENDENT,Group 1 Medium Potential,36125.9,37405.0,26,23,FALSE,N,FALSE,FALSE,N
1013609,"Miskelly Furniture Warehouse, Inc.",RETAIL,MULTIPLE_LOCATIONS,Group 1 Medium Potential,38645.25,37097.5,33,28,FALSE,N,FALSE,FALSE,N
1036846,Peddler Interiors and Gifts,RETAIL,SINGLE_LOCATION,Group 1 High Potential,0.0,36780.5,0,33,TRUE,N,FALSE,FALSE,N
1009998,M II Interiors,DESIGN,DESIGN_FIRM,Group 1 Medium Potential,35020.0,35760.5,24,21,FALSE,N,FALSE,FALSE,N
1008077,McDonough Ent dba United Textiles,RETAIL,SINGLE_LOCATION,Group 1 Medium Potential,35719.13,35714.93,4,6,FALSE,N,FALSE,FALSE,N
1017067,Alexandra Lauren Home Collection,RETAIL,SINGLE_LOCATION,Group 1 High Potential,13390.92,33992.76,14,25,FALSE,N,FALSE,FALSE,N
1008917,Stephanie Ervin Design,DESIGN,DESIGNER_INDEPENDENT,Group 1 High Potential,32703.65,32374.0,23,21,FALSE,N,FALSE,FALSE,N
1003152,Lisa Mallory Interior Design,RETAIL,SINGLE_LOCATION,Group 1 Medium Potential,47203.1,32288.4,21,31,FALSE,N,FALSE,FALSE,N
1012308,Rosemary Home,RETAIL,SINGLE_LOCATION,Group 1 Medium Potential,35502.6,32142.29,23,19,FALSE,N,FALSE,FALSE,N
1005407,Myers Carpet - Artemis,RETAIL,SINGLE_LOCATION,Group 1 High Potential,15913.56,31758.5,5,8,FALSE,N,FALSE,FALSE,N
1003372,"Doerr Furniture, Inc.",RETAIL,MULTIPLE_LOCATIONS,Group 1 High Potential,28500.15,30904.31,62,61,FALSE,N,FALSE,FALSE,N
1005664,"Knoxville Wholesale Furniture Co, Inc.",RETAIL,MULTIPLE_LOCATIONS,Group 1 High Potential,5541.0,30651.0,7,15,FALSE,N,FALSE,FALSE,N
1016036,DIXON SMITH INTERIORS,RETAIL,SINGLE_LOCATION,Group 1 High Potential,14777.83,29999.49,7,11,FALSE,N,FALSE,FALSE,N
1004407,"Brad Ramsey Interiors, LLC",DESIGN,DESIGNER_INDEPENDENT,Group 1 Medium Potential,32548.8,29828.25,12,13,FALSE,N,FALSE,FALSE,N
1012460,Lisa Hogue - The Feathered Nest,RETAIL,SINGLE_LOCATION,Group 1 Medium Potential,41479.5,29822.5,43,25,FALSE,N,FALSE,FALSE,N
1003396,Grayson Carter Design,DESIGN,DESIGNER_INDEPENDENT,Group 1 High Potential,19551.39,28802.1,11,19,FALSE,N,FALSE,FALSE,N
1015365,Garrett Furniture DBA Factory Direct Furniture,RETAIL,SINGLE_LOCATION,Group 1 Medium Potential,41557.6,28587.45,47,29,FALSE,N,FALSE,FALSE,N
1011936,Hall York Design,DESIGN,DESIGNER_INDEPENDENT,Group 1 High Potential,14339.8,28476.23,14,28,FALSE,N,FALSE,FALSE,N
1020201,Driscoll Design,DESIGN,DESIGN_FIRM,Group 1 Medium Potential,11457.69,28451.9,5,4,FALSE,N,FALSE,FALSE,N
1009378,Lampadas,RETAIL,SINGLE_LOCATION,Group 1 High Potential,49288.3,28438.5,27,32,FALSE,N,FALSE,FALSE,N
1000813,Design House Interiors- TN,RETAIL,SINGLE_LOCATION,Group 1 Medium Potential,27777.14,28260.0,30,21,FALSE,N,FALSE,FALSE,N
1008608,Sara Ray Interior Design,DESIGN,DESIGN_FIRM,Group 1 High Potential,7250.0,28006.6,6,25,FALSE,N,FALSE,FALSE,N
1015545,Johnson's Inc,RETAIL,SINGLE_LOCATION,Group 1 Medium Potential,0.0,27586.0,0,32,FALSE,N,FALSE,FALSE,N
1024905,Sunbelt Lighting Lafayette,RETAIL,MULTIPLE_LOCATIONS,Group 1 High Potential,15871.5,24868.19,14,24,FALSE,N,FALSE,FALSE,N
1002151,Fowler Brothers Co. Home and Patio,RETAIL,SINGLE_LOCATION,Group 1 Medium Potential,39600.9,24593.9,29,25,FALSE,N,FALSE,FALSE,N
1001835,Warehouse 67,RETAIL,SINGLE_LOCATION,Group 1 High Potential,33686.3,23505.0,26,13,FALSE,N,FALSE,FALSE,N
1014866,Lesle Veca Designs,RETAIL,SINGLE_LOCATION,Group 1 Medium Potential,34208.2,22961.42,25,23,FALSE,N,FALSE,FALSE,N
1020056,ARGENT,RETAIL,SINGLE_LOCATION,Group 1 Medium Potential,34451.61,22701.63,29,23,FALSE,N,FALSE,FALSE,N
1021105,Hurwitz Mintz,RETAIL,SINGLE_LOCATION,Group 1 Medium Potential,22919.0,22259.82,11,15,FALSE,N,FALSE,FALSE,N
1002911,"MCBI One, LLC dba McAlpine",DESIGN,DESIGN_FIRM,Group 1 Medium Potential,48786.25,22027.97,11,23,FALSE,N,FALSE,FALSE,N
1021726,Moda designs,RETAIL,SINGLE_LOCATION,Group 1 Medium Potential,29287.9,21831.0,60,33,FALSE,N,FALSE,FALSE,N
1016831,Claire Thompson Design,DESIGN,DESIGN_FIRM,Group 1 Medium Potential,41449.11,21499.01,23,7,FALSE,N,FALSE,FALSE,N
1018670,Summer Classics - Nashville 306,RETAIL,SINGLE_LOCATION,Group 1 High Potential,22498.0,21479.5,14,7,FALSE,N,FALSE,FALSE,N
1012803,Jennifer Russell Designs,DESIGN,DESIGN_FIRM,Group 1 High Potential,16330.97,21354.75,14,12,FALSE,N,FALSE,FALSE,N
1020327,LeFleur Interiors and Gifts,RETAIL,SINGLE_LOCATION,Group 1 Medium Potential,20369.0,20683.0,32,26,FALSE,N,FALSE,FALSE,N
1018745,Wilhouse Designs,DESIGN,DESIGN_FIRM,Group 1 High Potential,36237.0,19513.9,11,18,FALSE,N,FALSE,FALSE,N
1012880,Julie Mays Interiors,DESIGN,DESIGN_FIRM,Group 1 High Potential,13606.12,19423.37,10,11,FALSE,N,FALSE,FALSE,N
1022479,Lovelace Studios,DESIGN,DESIGNER_INDEPENDENT,Group 1 High Potential,14373.82,19150.0,8,12,FALSE,N,FALSE,FALSE,N
1011696,Mint Decor,RETAIL,SINGLE_LOCATION,Group 1 Medium Potential,17873.8,18821.6,24,23,FALSE,N,FALSE,FALSE,N
1002991,Mews Beds & More,RETAIL,SINGLE_LOCATION,Group 1 Medium Potential,44278.5,18402.4,35,9,FALSE,N,FALSE,FALSE,N
1001859,Brewer Designs,DESIGN,DESIGNER_INDEPENDENT,Group 1 High Potential,26745.2,18394.0,15,16,FALSE,N,FALSE,FALSE,N
1017804,"Spatial, LLC",DESIGN,DESIGN_FIRM,Group 1 High Potential,6687.0,18390.0,7,16,FALSE,N,FALSE,FALSE,N
,,,,,,,,,,,,,,,
================================================================================,,,,,,,,,,,,,,,
GROUP 2 (MID REVENUE) - KEEPING: 104 accounts | $864977.69 revenue,,,,,,,,,,,,,,,
================================================================================,,,,,,,,,,,,,,,
Customer No.,Account_Name,Segment,Sub_Segment,Segment_Label,Total_Rev_2024,Total_Rev_2025,Orders_2024,Orders_2025,Is_New_2025,BTF,Floor_Exception,Floor_Removed,In SF ex BI
1011606,"Set to Sell, LLC",DESIGN,DESIGN_FIRM,Group 2 High Potential,196.2,17045.2,1,8,FALSE,N,FALSE,FALSE,N
1024770,Laura Cedor Interiors- Designers III,RETAIL,SINGLE_LOCATION,Group 2 Medium Potential,8557.5,16425.0,2,11,FALSE,N,FALSE,FALSE,N
1012354,Onxy and Alabaster Tanya Hembree Design,RETAIL,SINGLE_LOCATION,Group 2 High Potential,9414.0,16373.48,3,19,FALSE,N,FALSE,FALSE,N
1007627,LMC Enterprises dba Murphy and Maude,DESIGN,DESIGN_FIRM,Group 2 High Potential,12600.0,16330.0,12,13,FALSE,N,FALSE,FALSE,N
1024649,SUMMER CLASSICS - SCOTTSDALE,RETAIL,SINGLE_LOCATION,Group 2 High Potential,24034.0,16166.0,25,13,FALSE,N,FALSE,FALSE,N
1037388,Inspirations,RETAIL,SINGLE_LOCATION,Group 2 High Potential,0.0,16060.0,0,5,TRUE,N,FALSE,FALSE,N
1002859,Atchison Imports,DESIGN,DESIGN_FIRM,Group 2 Medium Potential,8788.0,15892.4,10,13,FALSE,N,FALSE,FALSE,N
1011415,City Hill Design,DESIGN,DESIGN_FIRM,Group 2 Medium Potential,21763.7,15672.0,10,9,FALSE,N,FALSE,FALSE,N
1025234,"Jackson Furniture Industries, INC",RETAIL,MULTIPLE_LOCATIONS,Group 2 Medium Potential,11529.0,15580.0,7,4,FALSE,N,FALSE,FALSE,N
1001313,Summer Classics - Pelham 301,RETAIL,MULTIPLE_LOCATIONS,Group 2 Medium Potential,37857.0,15485.75,20,9,FALSE,N,FALSE,FALSE,N
1012285,Capitol Park Antiques,RETAIL,SINGLE_LOCATION,Group 2 Medium Potential,41799.25,15324.5,20,26,FALSE,N,FALSE,FALSE,N
1010248,Eros,RETAIL,SINGLE_LOCATION,Group 2 Medium Potential,18991.0,15299.5,29,29,FALSE,N,FALSE,FALSE,N
1022681,CG Studio Interiors LLC,DESIGN,DESIGNER_INDEPENDENT,Group 2 High Potential,8088.55,15161.0,3,5,FALSE,N,FALSE,FALSE,N
1019576,Elements Design Decor LLC,RETAIL,SINGLE_LOCATION,Group 2 Medium Potential,17807.5,14602.0,15,12,FALSE,N,FALSE,FALSE,N
1014552,Presson Interior Design,DESIGN,DESIGNER_INDEPENDENT,Group 2 Medium Potential,7615.88,14215.95,9,4,FALSE,N,FALSE,FALSE,N
1007799,Shirmar Enterprises dba Furniture Expressions,RETAIL,SINGLE_LOCATION,Group 2 Medium Potential,0.0,13468.9,0,4,FALSE,N,FALSE,FALSE,N
1017787,"Livio Designs, LLC",RETAIL,SINGLE_LOCATION,Group 2 High Potential,9370.6,13400.0,11,11,FALSE,N,FALSE,FALSE,N
1019018,Mayker,RETAIL,SINGLE_LOCATION,Group 2 Medium Potential,15469.6,13121.0,22,16,FALSE,N,FALSE,FALSE,N
1002960,French Mix,DESIGN,DESIGN_FIRM,Group 2 Medium Potential,24506.87,13091.0,11,5,FALSE,N,FALSE,FALSE,N
1013210,Relish Home Accents,RETAIL,SINGLE_LOCATION,Group 2 Medium Potential,14284.0,13036.5,14,10,FALSE,N,FALSE,FALSE,N
1022721,Lighting Unlimited / Uncommon Living,RETAIL,SINGLE_LOCATION,Group 2 High Potential,7963.4,12817.1,26,17,FALSE,N,FALSE,FALSE,N
1002225,Anderson Design Studio,DESIGN,DESIGNER_INDEPENDENT,Group 2 High Potential,10597.0,12723.6,8,11,FALSE,N,FALSE,FALSE,N
1017330,Spruced Up Staging + Design,RETAIL,SINGLE_LOCATION,Group 2 High Potential,4927.5,12463.0,3,8,FALSE,N,FALSE,FALSE,N
1000105,"Sprintz Furniture Showroom, Inc.",RETAIL,MULTIPLE_LOCATIONS,Group 2 Medium Potential,34641.9,12375.2,20,13,FALSE,N,FALSE,FALSE,N
1004162,Abode,RETAIL,SINGLE_LOCATION,Group 2 Medium Potential,17075.75,12220.5,26,28,FALSE,N,FALSE,FALSE,N
1007600,Holcombe Interior Design,DESIGN,DESIGN_FIRM,Group 2 Medium Potential,7950.0,12214.0,4,3,FALSE,N,FALSE,FALSE,N
1017183,Craft Interiors,DESIGN,DESIGN_FIRM,Group 2 High Potential,21855.1,12090.97,25,13,FALSE,N,FALSE,FALSE,N
1016529,Corrinn Fisher Interiors,RETAIL,SINGLE_LOCATION,Group 2 High Potential,23817.4,11952.0,22,14,FALSE,N,FALSE,FALSE,N
1012012,Pentimento,DESIGN,DESIGN_FIRM,Group 2 Medium Potential,36739.9,11501.0,6,1,FALSE,N,FALSE,FALSE,N
1023137,JDSM Design Group LLC DBA Story Interior Design,DESIGN,DESIGN_FIRM,Group 2 Medium Potential,12870.76,11227.0,6,12,FALSE,N,FALSE,FALSE,N
1016183,luxe staging and design,DESIGN,DESIGN_FIRM,Group 2 Medium Potential,20796.15,11221.0,15,9,FALSE,N,FALSE,FALSE,N
1023087,The Dwell Boutique,RETAIL,SINGLE_LOCATION,Group 2 Medium Potential,18772.35,10875.5,10,6,FALSE,N,FALSE,FALSE,N
1009597,Bohlert Massey,DESIGN,DESIGN_FIRM,Group 2 Medium Potential,33481.31,10820.03,21,7,FALSE,N,FALSE,FALSE,N
1016783,Lindsey Black Interiors,DESIGN,DESIGN_FIRM,Group 2 Medium Potential,9588.4,10743.0,2,2,FALSE,N,FALSE,FALSE,N
1008634,Flynn Designs,DESIGN,DESIGN_FIRM,Group 2 Medium Potential,18326.9,10715.25,17,10,FALSE,N,FALSE,FALSE,N
1006814,Davis Design Concepts,DESIGN,DESIGN_FIRM,Group 2 Medium Potential,10728.0,10685.0,3,5,FALSE,N,FALSE,FALSE,N
1015416,Gatlin Interiors,DESIGN,DESIGN_FIRM,Group 2 Medium Potential,21072.9,10077.5,11,11,FALSE,N,FALSE,FALSE,N
1001667,Greg Baudoin Interior Design,DESIGN,DESIGN_FIRM,Group 2 Medium Potential,7686.2,9811.2,5,5,FALSE,N,FALSE,FALSE,N
1011408,"Ashley Hall Interiors, Ltd.",DESIGN,DESIGN_FIRM,Group 2 Medium Potential,33439.4,9762.0,20,7,FALSE,N,FALSE,FALSE,N
1000101,"Russell Lee Floor and Tile Co. , Inc.",RETAIL,SINGLE_LOCATION,Group 2 Medium Potential,395.0,9706.5,1,2,FALSE,N,FALSE,FALSE,N
1000846,Eclectic Home,DESIGN,DESIGN_FIRM,Group 2 High Potential,24783.0,9633.0,26,14,FALSE,N,FALSE,FALSE,N
1011729,"Tara Felice Interiors, LLC",DESIGN,DESIGNER_INDEPENDENT,Group 2 High Potential,254.0,9628.78,4,4,FALSE,N,FALSE,FALSE,N
1000076,Harbs Carpeting & Oriental Rugs,RETAIL,SINGLE_LOCATION,Group 2 High Potential,825.8,9486.5,3,8,FALSE,N,FALSE,FALSE,N
1007222,Julie Couch Interiors,DESIGN,DESIGN_FIRM,Group 2 Medium Potential,9238.0,9480.0,8,9,FALSE,N,FALSE,FALSE,N
1000078,Issis and Sons,RETAIL,MULTIPLE_LOCATIONS,Group 2 Medium Potential,6412.5,9432.45,6,5,FALSE,N,FALSE,FALSE,N
1015272,Red Door Interiors,RETAIL,SINGLE_LOCATION,Group 2 Medium Potential,6314.2,8907.0,4,3,FALSE,N,FALSE,FALSE,N
1010703,March and May Design,DESIGN,DESIGN_FIRM,Group 2 Medium Potential,693.5,8791.0,2,2,FALSE,N,FALSE,FALSE,N
1019577,GLO DESIGN STUDIO,DESIGN,DESIGN_FIRM,Group 2 High Potential,1485.0,8730.0,2,9,FALSE,N,FALSE,FALSE,N
1016767,Trends By Design AE LLC,DESIGN,DESIGN_FIRM,Group 2 Medium Potential,11537.0,8305.27,9,5,FALSE,N,FALSE,FALSE,N
1018328,Delta Flooring & Interiors,RETAIL,SINGLE_LOCATION,Group 2 High Potential,16837.55,8156.0,11,10,FALSE,N,FALSE,FALSE,N
1011924,Defining Home,DESIGN,DESIGN_FIRM,Group 2 Medium Potential,669.0,7846.0,1,3,FALSE,N,FALSE,FALSE,N
1005727,Jill Hertz Interior Design,DESIGN,DESIGN_FIRM,Group 2 Medium Potential,75.0,7605.0,0,2,FALSE,N,FALSE,FALSE,N
1013217,Gracefully Done,RETAIL,SINGLE_LOCATION,Group 2 Medium Potential,24269.35,7538.0,13,3,FALSE,N,FALSE,FALSE,N
1001035,Wes Ulmo Interior Design,DESIGN,DESIGN_FIRM,Group 2 Medium Potential,14440.0,7497.5,12,9,FALSE,N,FALSE,FALSE,N
1008081,Marcelle Guilbeau Interior Design,DESIGN,DESIGN_FIRM,Group 2 Medium Potential,690.0,7049.0,1,3,FALSE,N,FALSE,FALSE,N
1036013,Fawn Brook Interiors LLC,RETAIL,SINGLE_LOCATION,Group 2 High Potential,0.0,6617.0,0,6,TRUE,N,FALSE,FALSE,N
1006062,White Bungalow / Ashley Grant Interiors,DESIGN,DESIGN_FIRM,Group 2 Medium Potential,36844.76,6203.2,20,12,FALSE,N,FALSE,FALSE,N
1016275,Khaki Daniel Design,DESIGN,DESIGNER_INDEPENDENT,Group 2 Medium Potential,4803.0,6156.1,5,6,FALSE,N,FALSE,FALSE,N
1013102,Brooks and Collier,RETAIL,SINGLE_LOCATION,Group 2 Medium Potential,4477.5,5785.4,12,10,FALSE,N,FALSE,FALSE,N
1002250,Dennis Lee Furniture,RETAIL,SINGLE_LOCATION,Group 2 High Potential,1804.0,5766.57,3,3,FALSE,N,FALSE,FALSE,N
1020428,Storehouse no. 9,RETAIL,SINGLE_LOCATION,Group 2 Medium Potential,0.0,5670.0,0,5,FALSE,N,FALSE,FALSE,N
1024492,PESSON FURNITURE,RETAIL,SINGLE_LOCATION,Group 2 Low Potential,10854.5,5661.0,11,2,FALSE,N,FALSE,FALSE,N
1005229,Jade,RETAIL,SINGLE_LOCATION,Group 2 Medium Potential,4223.0,5645.04,5,5,FALSE,N,FALSE,FALSE,N
1026717,Kristi Webb Interiors,RETAIL,SINGLE_LOCATION,Group 2 Medium Potential,600.0,5590.0,1,3,FALSE,N,FALSE,FALSE,N
1010435,Lynn's Interiors,RETAIL,SINGLE_LOCATION,Group 2 Medium Potential,0.0,5350.0,0,5,FALSE,N,FALSE,FALSE,N
1037579,Julie Smallwood Designs,DESIGN,DESIGNER_INDEPENDENT,Group 2 High Potential,0.0,5211.0,0,6,TRUE,N,FALSE,FALSE,N
1014189,Samantha Stein Interiors,DESIGN,DESIGNER_INDEPENDENT,Group 2 Medium Potential,9817.0,5202.69,7,1,FALSE,N,FALSE,FALSE,N
1016294,Wilton & Company,DESIGN,DESIGN_FIRM,Group 2 Medium Potential,12962.15,5184.0,11,5,FALSE,N,FALSE,FALSE,N
1020750,Henson-Hinck Designs,DESIGN,DESIGN_FIRM,Group 2 Medium Potential,7243.0,5143.0,6,2,FALSE,N,FALSE,FALSE,N
1007143,MPM Investments III dba Hunters Furniture,RETAIL,SINGLE_LOCATION,Group 2 Medium Potential,6586.0,5137.0,15,13,FALSE,N,FALSE,FALSE,N
1023492,Design In House,RETAIL,SINGLE_LOCATION,Group 2 Medium Potential,22175.5,5051.85,24,6,FALSE,N,FALSE,FALSE,N
1018205,"An Inside Job Interior Design, LLC",DESIGN,DESIGN_FIRM,Group 2 Medium Potential,2674.3,5040.0,4,1,FALSE,N,FALSE,FALSE,N
1026836,Samantha Smith Designs,DESIGN,DESIGNER_INDEPENDENT,Group 2 Medium Potential,600.0,4900.0,1,5,FALSE,N,FALSE,FALSE,N
1012566,Landy Gardner Interiors,DESIGN,DESIGN_FIRM,Group 2 Medium Potential,10173.0,4726.0,7,2,FALSE,N,FALSE,FALSE,N
1019579,Featherlane Design Co. LLC,RETAIL,SINGLE_LOCATION,Group 2 High Potential,1820.0,4561.0,2,6,FALSE,N,FALSE,FALSE,N
1000980,Bliss Home (TN),RETAIL,SINGLE_LOCATION,Group 2 Medium Potential,6731.5,4550.0,13,10,FALSE,N,FALSE,FALSE,N
1008988,Elan Studio,DESIGN,DESIGN_FIRM,Group 2 High Potential,950.0,4391.0,1,6,FALSE,N,FALSE,FALSE,N
1002323,Richard-Renfro Designs,DESIGN,DESIGN_FIRM,Group 2 Medium Potential,10638.52,4209.5,5,2,FALSE,N,FALSE,FALSE,N
1005508,Shumake Furniture,RETAIL,SINGLE_LOCATION,Group 2 Medium Potential,4990.0,4203.0,12,10,FALSE,N,FALSE,FALSE,N
1027883,Hive Modern Home,RETAIL,SINGLE_LOCATION,Group 2 High Potential,2772.0,4100.93,4,13,FALSE,N,FALSE,FALSE,N
1036708,Brooke's On Main,RETAIL,SINGLE_LOCATION,Group 2 High Potential,0.0,4061.0,0,3,TRUE,N,FALSE,FALSE,N
1004685,Accents of the South,DESIGN,DESIGN_FIRM,Group 2 Medium Potential,3991.4,3937.0,5,5,FALSE,N,FALSE,FALSE,N
1003329,"Workshop 31 Twelve, LLC",DESIGN,DESIGN_FIRM,Group 2 Medium Potential,12988.0,3802.0,4,4,FALSE,N,FALSE,FALSE,N
1000792,"Emery's Custom Designs, LLC",DESIGN,DESIGN_FIRM,Group 2 Medium Potential,5487.1,3794.03,8,6,FALSE,N,FALSE,FALSE,N
1011794,The Design Studio (LA),DESIGN,DESIGN_FIRM,Group 2 Medium Potential,3306.0,3784.5,2,2,FALSE,N,FALSE,FALSE,N
1020672,Circa Interiors & Antiques,RETAIL,SINGLE_LOCATION,Group 2 Medium Potential,22431.64,3724.0,5,2,FALSE,N,FALSE,FALSE,N
1005519,"Bolgiano Custom Interiors, LLC",DESIGN,DESIGN_FIRM,Group 2 High Potential,4418.0,3651.0,5,10,FALSE,N,FALSE,FALSE,N
1011388,Lauren Bradshaw Design,DESIGN,DESIGNER_INDEPENDENT,Group 2 Medium Potential,7479.0,3566.0,8,4,FALSE,N,FALSE,FALSE,N
1012070,Laura Lee Interiors,DESIGN,DESIGNER_INDEPENDENT,Group 2 Medium Potential,0.0,3532.0,0,1,FALSE,N,FALSE,FALSE,N
1003677,Luna Beach Interiors,RETAIL,SINGLE_LOCATION,Group 2 Medium Potential,14429.5,3468.0,30,10,FALSE,N,FALSE,FALSE,N
1016173,Gallery Space dba Design Supply,RETAIL,SINGLE_LOCATION,Group 2 Medium Potential,61.0,3444.0,1,1,FALSE,N,FALSE,FALSE,N
1007612,Darby's Furniture,RETAIL,SINGLE_LOCATION,Group 2 Medium Potential,2097.5,3285.0,2,2,FALSE,N,FALSE,FALSE,N
1011671,Laura Greene Interiors,DESIGN,DESIGNER_INDEPENDENT,Group 2 Medium Potential,2025.0,3271.5,2,1,FALSE,N,FALSE,FALSE,N
1027011,Maggie Clarke Interiors,DESIGN,DESIGNER_INDEPENDENT,Group 2 Low Potential,6035.0,3242.0,1,1,FALSE,N,FALSE,FALSE,N
1017107,danshire market and design,RETAIL,SINGLE_LOCATION,Group 2 Medium Potential,4946.75,3154.0,2,3,FALSE,N,FALSE,FALSE,N
1024176,CULOTTA SAAB DESIGN,DESIGN,DESIGN_FIRM,Group 2 Low Potential,18587.1,3079.0,11,3,FALSE,N,FALSE,FALSE,N
1025013,"JackDavis, LLC",DESIGN,DESIGN_FIRM,Group 2 Medium Potential,4559.0,2972.0,6,2,FALSE,N,FALSE,FALSE,N
1005178,Nell's,RETAIL,SINGLE_LOCATION,Group 2 Medium Potential,12210.0,2873.0,3,4,FALSE,N,FALSE,FALSE,N
1002709,Cindy Meador Interiors,DESIGN,DESIGN_FIRM,Group 2 Medium Potential,5985.0,2832.0,9,6,FALSE,N,FALSE,FALSE,N
1025729,TK Interior Design & Decor,DESIGN,DESIGN_FIRM,Group 2 Medium Potential,1180.0,2770.6,2,5,FALSE,N,FALSE,FALSE,N
1018664,Summer Classics - Charlotte 304,RETAIL,MULTIPLE_LOCATIONS,Group 2 Medium Potential,10772.0,2763.0,8,1,FALSE,N,FALSE,FALSE,N
1008196,Ingenuity,RETAIL,SINGLE_LOCATION,Group 2 Medium Potential,1195.0,2749.75,1,5,FALSE,N,FALSE,FALSE,N
1012562,B Barganier Interiors,DESIGN,DESIGN_FIRM,Group 2 Medium Potential,2927.8,2735.0,6,3,FALSE,N,FALSE,FALSE,N
1037346,Hathaway Atelier LLC,DESIGN,DESIGN_FIRM,Group 2 High Potential,0.0,2595.0,0,3,TRUE,N,FALSE,FALSE,N
,,,,,,,,,,,,,,,
================================================================================,,,,,,,,,,,,,,,
GROUP 3 (LOW REVENUE) - KEEPING: 55 accounts | $32206.75 revenue,,,,,,,,,,,,,,,
(Protected accounts - not flagged for floor removal),,,,,,,,,,,,,,,
================================================================================,,,,,,,,,,,,,,,
Customer No.,Account_Name,Segment,Sub_Segment,Segment_Label,Total_Rev_2024,Total_Rev_2025,Orders_2024,Orders_2025,Is_New_2025,BTF,Floor_Exception,Floor_Removed,In SF ex BI
1000916,Woodstock Furniture,RETAIL,MULTIPLE_LOCATIONS,Group 3 Medium Potential,6915.2,2460.0,8,4,FALSE,N,FALSE,FALSE,N
1003465,"Artvark Ltd, LLC",RETAIL,SINGLE_LOCATION,Group 3 Medium Potential,8191.5,2191.8,12,6,FALSE,N,FALSE,FALSE,N
1020161,Legacy new homes llc,RETAIL,SINGLE_LOCATION,Group 3 Medium Potential,15787.35,1960.0,6,3,FALSE,N,FALSE,FALSE,N
1008250,Dorm Decor,RETAIL,SINGLE_LOCATION,Group 3 Medium Potential,9641.0,1884.7,21,10,FALSE,N,FALSE,FALSE,N
1017539,Designer's Warehouse,RETAIL,MULTIPLE_LOCATIONS,Group 3 High Potential,1312.0,1870.0,2,4,FALSE,N,FALSE,FALSE,N
1035957,C&C Design Co.,RETAIL,SINGLE_LOCATION,Group 3 High Potential,0.0,1858.0,0,1,TRUE,N,FALSE,FALSE,N
1026981,Binkley Nash Furniture & Design,RETAIL,SINGLE_LOCATION,Group 3 Medium Potential,1500.0,1815.0,1,1,FALSE,N,FALSE,FALSE,N
1026702,Birch House Design,RETAIL,SINGLE_LOCATION,Group 3 Medium Potential,2880.0,1765.0,2,2,FALSE,N,FALSE,FALSE,N
1007605,The Mill: Design + Home,RETAIL,SINGLE_LOCATION,Group 3 Medium Potential,1078.0,1578.0,1,1,FALSE,N,FALSE,FALSE,N
1018985,CLN GROUP LLC DBA FURNISH,RETAIL,SINGLE_LOCATION,Group 3 Medium Potential,4957.5,1484.0,12,4,FALSE,N,FALSE,FALSE,N
1018663,Summer Classics - Raleigh 305,RETAIL,MULTIPLE_LOCATIONS,Group 3 Medium Potential,11963.0,1235.0,10,2,FALSE,N,FALSE,FALSE,N
1021212,House of Seven Design,RETAIL,SINGLE_LOCATION,Group 3 Medium Potential,7674.0,1120.0,8,4,FALSE,N,FALSE,FALSE,N
1013977,Keleigh Cleveland Interiors LLC,RETAIL,SINGLE_LOCATION,Group 3 Medium Potential,5640.0,1021.0,11,4,FALSE,N,FALSE,FALSE,N
1000036,Anderson's Rug Market,RETAIL,SINGLE_LOCATION,Group 3 Medium Potential,1200.5,997.5,3,2,FALSE,N,FALSE,FALSE,N
1018672,Summer Classics - Chestnut Hill 312,RETAIL,SINGLE_LOCATION,Group 3 Medium Potential,7575.0,940.0,6,2,FALSE,N,FALSE,FALSE,N
1015878,Farmhouse - MS,RETAIL,SINGLE_LOCATION,Group 3 Medium Potential,4045.0,861.0,3,4,FALSE,N,FALSE,FALSE,N
1008884,G and G Interiors,RETAIL,SINGLE_LOCATION,Group 3 Medium Potential,2870.0,840.5,1,2,FALSE,N,FALSE,FALSE,N
1024376,Buy Floors Direct,RETAIL,MULTIPLE_LOCATIONS,Group 3 Medium Potential,0.0,821.0,0,1,FALSE,N,FALSE,FALSE,N
1018496,Alexander's Carpet & Flooring,RETAIL,SINGLE_LOCATION,Group 3 Medium Potential,7263.95,789.0,4,3,FALSE,N,FALSE,FALSE,N
1035207,Modern Flooring and Interiors,RETAIL,SINGLE_LOCATION,Group 3 High Potential,0.0,686.0,0,1,TRUE,N,FALSE,FALSE,N
1005267,McCurry Furniture Company,RETAIL,SINGLE_LOCATION,Group 3 Low Potential,2506.5,624.75,2,2,FALSE,N,FALSE,FALSE,N
1017428,Home by Ashley culotta,RETAIL,SINGLE_LOCATION,Group 3 Medium Potential,14775.5,580.0,9,1,FALSE,N,FALSE,FALSE,N
1027892,BFD-HSV INC. DBA Bassett Furniture,RETAIL,SINGLE_LOCATION,Group 3 Medium Potential,628.0,542.0,2,4,FALSE,N,FALSE,FALSE,N
1015740,Five Gold Monkeys,RETAIL,SINGLE_LOCATION,Group 3 Medium Potential,7414.0,462.0,3,1,FALSE,N,FALSE,FALSE,N
1023681,"Ashley Furniture Industries, Inc.",RETAIL,MULTIPLE_LOCATIONS,Group 3 Low Potential,8756.0,461.0,5,2,FALSE,N,FALSE,FALSE,N
1008150,Town and Country Furniture,RETAIL,SINGLE_LOCATION,Group 3 Low Potential,1860.0,380.0,4,1,FALSE,N,FALSE,FALSE,N
1001729,Heritage House Interiors,RETAIL,SINGLE_LOCATION,Group 3 Medium Potential,87.0,292.4,1,2,FALSE,N,FALSE,FALSE,N
1004996,KP Interiors dba Chameleon Fabrics and Interiors,RETAIL,SINGLE_LOCATION,Group 3 Medium Potential,160.0,265.0,3,0,FALSE,N,FALSE,FALSE,N
1018665,Summer Classics - Atlanta - 303,RETAIL,SINGLE_LOCATION,Group 3 Medium Potential,13572.0,167.0,11,2,FALSE,N,FALSE,FALSE,N
1018692,Summer Classics - Pelham 302,RETAIL,MULTIPLE_LOCATIONS,Group 3 Low Potential,3334.0,150.0,2,1,FALSE,N,FALSE,FALSE,N
1024255,Summer Classics - 315,RETAIL,SINGLE_LOCATION,Group 3 Low Potential,7275.0,105.0,5,1,FALSE,N,FALSE,FALSE,N
1036420,Le Studio LLC,DESIGN,DESIGN_FIRM,Group 3 High Potential,0.0,74.0,0,2,TRUE,N,FALSE,FALSE,N
1008238,The Interior Market,RETAIL,SINGLE_LOCATION,Group 3 Medium Potential,550.0,74.0,1,1,FALSE,N,FALSE,FALSE,N
1000696,Willis Furniture,RETAIL,SINGLE_LOCATION,Group 3 Low Potential,700.0,0.0,1,0,FALSE,N,FALSE,FALSE,N
1012638,Millennium Home Furnishings,RETAIL,SINGLE_LOCATION,Group 3 Low Potential,475.0,0.0,1,0,FALSE,N,FALSE,FALSE,N
1009470,LD Linens and Decor,RETAIL,SINGLE_LOCATION,Group 3 Low Potential,0.0,0.0,0,0,FALSE,N,FALSE,FALSE,N
1007213,Urban Home Market,RETAIL,SINGLE_LOCATION,Group 3 Low Potential,945.0,0.0,1,0,FALSE,N,FALSE,FALSE,N
1008312,Mint Home,RETAIL,SINGLE_LOCATION,Group 3 Low Potential,755.0,0.0,1,0,FALSE,N,FALSE,FALSE,N
1008910,Impulse Interiors,RETAIL,SINGLE_LOCATION,Group 3 Low Potential,0.0,0.0,0,0,FALSE,N,FALSE,FALSE,N
1019190,Summer Classics home - Austin,RETAIL,SINGLE_LOCATION,Group 3 Low Potential,9430.0,0.0,7,0,FALSE,N,FALSE,FALSE,N
1017054,Renfrow Decorative Center,RETAIL,SINGLE_LOCATION,Group 3 Low Potential,11965.0,0.0,5,0,FALSE,N,FALSE,FALSE,N
1012184,Carpet Den Interiors,RETAIL,SINGLE_LOCATION,Group 3 Low Potential,636.6,0.0,1,0,FALSE,N,FALSE,FALSE,N
1018660,Summer Classics - Winter Park 311,RETAIL,SINGLE_LOCATION,Group 3 Low Potential,10135.0,0.0,6,0,FALSE,N,FALSE,FALSE,N
1018240,The Rug Shop,RETAIL,SINGLE_LOCATION,Group 3 Low Potential,0.0,0.0,0,0,FALSE,N,FALSE,FALSE,N
1018553,SC Richmond,RETAIL,SINGLE_LOCATION,Group 3 Low Potential,0.0,0.0,0,0,FALSE,N,FALSE,FALSE,N
1018661,Summer Classics - Jacksonville 310,RETAIL,SINGLE_LOCATION,Group 3 Low Potential,8405.0,0.0,6,0,FALSE,N,FALSE,FALSE,N
1017528,Comeaux Furniture Appliance And Mattress,RETAIL,MULTIPLE_LOCATIONS,Group 3 Low Potential,0.0,0.0,0,0,FALSE,N,FALSE,FALSE,N
1024667,Howard & Marsh Exchange,RETAIL,SINGLE_LOCATION,Group 3 Low Potential,12617.8,0.0,5,0,FALSE,N,FALSE,FALSE,N
1018662,Summer Classics - San Antonio 308,RETAIL,SINGLE_LOCATION,Group 3 Low Potential,9125.0,0.0,8,0,FALSE,N,FALSE,FALSE,N
1020223,Monica Waechter Design LLC,RETAIL,SINGLE_LOCATION,Group 3 Low Potential,0.0,0.0,0,0,FALSE,N,FALSE,FALSE,N
1024361,Tracy Norton Interiors,RETAIL,SINGLE_LOCATION,Group 3 Low Potential,4310.8,0.0,3,0,FALSE,N,FALSE,FALSE,N
1035810,Mary McBride Interiors,DESIGN,DESIGN_FIRM,Group 3 High Potential,0.0,0.0,0,0,TRUE,N,FALSE,FALSE,N
1027475,Rosegate Design,RETAIL,SINGLE_LOCATION,Group 3 Low Potential,3800.0,0.0,1,0,FALSE,N,FALSE,FALSE,N
1036933,"MILIEU ""A Curated Interior Atelier""",RETAIL,SINGLE_LOCATION,Group 3 High Potential,0.0,0.0,0,0,TRUE,N,FALSE,FALSE,N
1015126,SS Angie G Robison,INTERNAL,SALES_REP,Group 3 Low Potential,0.0,-147.9,6,1,FALSE,N,FALSE,FALSE,N
,,,,,,,,,,,,,,,
================================================================================,,,,,,,,,,,,,,,
GROUP 3 (LOW REVENUE) - FLOOR EXCEPTIONS: 1 accounts | $0.00 revenue,,,,,,,,,,,,,,,
(BTF='Y' but account stayed with original rep - EXCEPTION MADE),,,,,,,,,,,,,,,
================================================================================,,,,,,,,,,,,,,,
Customer No.,Account_Name,Segment,Sub_Segment,Segment_Label,Total_Rev_2024,Total_Rev_2025,Orders_2024,Orders_2025,Is_New_2025,BTF,Floor_Exception,Floor_Removed,In SF ex BI
1023264,Lita Belcher Interior Design,DESIGN,DESIGN_FIRM,Group 3 Low Potential,29645.2,0.0,5,0,FALSE,Y,TRUE,FALSE,N
,,,,,,,,,,,,,,,
================================================================================,,,,,,,,,,,,,,,
REDIRECTED - SUMMARY: 46 total accounts,,,,,,,,,,,,,,,
================================================================================,,,,,,,,,,,,,,,
Customer No.,Account_Name,Segment,Sub_Segment,Segment_Label,Redirect_Category,Total_Rev_2024,Total_Rev_2025,Orders_2024,Orders_2025,Is_New_2025,BTF,Floor_Exception,Floor_Removed,In SF ex BI
1013717,Danielle Andre Designs,DESIGN,DESIGNER_INDEPENDENT,Group 3 Medium Potential,Floor Removal - Active,3536.25,2380.0,8,3,FALSE,Y,FALSE,TRUE,N
1003269,Linsi L Cenac Interiors,DESIGN,DESIGNER_INDEPENDENT,Group 3 Medium Potential,Floor Removal - Active,3610.0,2202.0,4,6,FALSE,Y,FALSE,TRUE,N
1016370,Home with Hechart,DESIGN,DESIGN_FIRM,Group 3 Medium Potential,Floor Removal - Active,7515.0,2175.0,11,2,FALSE,Y,FALSE,TRUE,N
1027046,Debarti Design,DESIGN,DESIGNER_INDEPENDENT,Group 3 Medium Potential,Floor Removal - Active,220.0,2065.1,2,2,FALSE,Y,FALSE,TRUE,N
1016601,kitchen and lifestyle designs. llc,DESIGN,DESIGNER_INDEPENDENT,Group 3 Medium Potential,Floor Removal - Active,4425.41,1724.0,6,1,FALSE,Y,FALSE,TRUE,N
1024265,RACHEL BRANCH INTERIORS,DESIGN,DESIGN_FIRM,Group 3 Medium Potential,Floor Removal - Active,2292.0,1560.0,2,5,FALSE,Y,FALSE,TRUE,N
1013116,"Carmen Hill Eberts Interiors, LLC",DESIGN,DESIGN_FIRM,Group 3 Medium Potential,Floor Removal - Active,2020.0,1522.8,1,2,FALSE,Y,FALSE,TRUE,N
1009244,Sandy Kozar - Decorating Den Int,DESIGN,DESIGNER_INDEPENDENT,Group 3 Medium Potential,Floor Removal - Active,553.0,1132.0,1,2,FALSE,Y,FALSE,TRUE,N
1015477,Maria Barcelona Interiors,DESIGN,DESIGN_FIRM,Group 3 Low Potential,Floor Removal - Active,10270.0,615.0,6,1,FALSE,Y,FALSE,TRUE,N
1019121,Stephanie Wallace & Associates,DESIGN,DESIGNER_INDEPENDENT,Group 3 Low Potential,Floor Removal - Active,1816.0,239.0,2,1,FALSE,Y,FALSE,TRUE,N
1012973,Six Hills Homes,DESIGN,DESIGNER_INDEPENDENT,Group 3 Medium Potential,Floor Removal - Active,1523.0,25.0,4,0,FALSE,Y,FALSE,TRUE,N
1015263,Parkes & Lamb Interiors,DESIGN,DESIGN_FIRM,Group 3 Low Potential,Floor Removal - Active,6047.06,25.0,0,0,FALSE,Y,FALSE,TRUE,N
1024997,Dane Designs,RETAIL,SINGLE_LOCATION,Group 3 Low Potential,Territory Realignment,0.0,0.0,0,1,TRUE,N,FALSE,FALSE,N
1022847,LAGNIAPPE HOME STORE,Retail,Multiple locations,Group 3 Low Potential,Territory Realignment,0.0,0.0,0,0,FALSE,N,FALSE,FALSE,Y
1037096,Clifton and Company,Retail,Single location,Group 3 Low Potential,Territory Realignment,0.0,0.0,0,0,FALSE,N,FALSE,FALSE,Y
1036328,Faith and Grace Flooring,Retail,Multiple locations,Group 3 Low Potential,Territory Realignment,0.0,0.0,0,0,FALSE,N,FALSE,FALSE,Y
1035478,Watson Floor Gallery - Weightman Family Flooring,Retail,Multiple locations,Group 3 Low Potential,Territory Realignment,0.0,0.0,0,0,FALSE,N,FALSE,FALSE,Y
1035046,Modern Homestead,Retail,Single location,Group 3 Low Potential,Territory Realignment,0.0,0.0,0,0,FALSE,N,FALSE,FALSE,Y
1027815,Fleur de lis antiques,Retail,Single location,Group 3 Low Potential,Territory Realignment,0.0,0.0,0,0,FALSE,N,FALSE,FALSE,Y
1027620,Inspired Flooring & Design DBA Signature Flooring,Retail,Single location,Group 3 Low Potential,Territory Realignment,0.0,0.0,0,0,FALSE,N,FALSE,FALSE,Y
1027567,Fitzgeralds place,Retail,Single location,Group 3 Low Potential,Territory Realignment,0.0,0.0,0,0,FALSE,N,FALSE,FALSE,Y
1026996,Odyence LLC,Retail,Single location,Group 3 Low Potential,Territory Realignment,0.0,0.0,0,0,FALSE,N,FALSE,FALSE,Y
1026582,Beau Chene Interiors,Retail,Single location,Group 3 Low Potential,Territory Realignment,0.0,0.0,0,0,FALSE,N,FALSE,FALSE,Y
1026305,Clements Fine Things,Retail,Single location,Group 3 Low Potential,Territory Realignment,0.0,0.0,0,0,FALSE,N,FALSE,FALSE,Y
1025726,The Woodwright Shop,Retail,Single location,Group 3 Low Potential,Territory Realignment,0.0,0.0,0,0,FALSE,N,FALSE,FALSE,Y
1024699,The Birds Nest,Retail,Single location,Group 3 Low Potential,Territory Realignment,0.0,0.0,0,0,FALSE,N,FALSE,FALSE,Y
1006632,Elizabeth Malmo Interior Design,DESIGN,DESIGNER_INDEPENDENT,Group 3 Low Potential,Floor Removal - Active,1178.0,0.0,1,0,FALSE,Y,FALSE,TRUE,N
1004524,Baylor Bone Interiors,DESIGN,DESIGN_FIRM,Group 3 Low Potential,Floor Removal - Active,0.0,0.0,0,0,FALSE,Y,FALSE,TRUE,N
1023840,"LISAMBIANCE DESIGN, LLC",DESIGN,DESIGN_FIRM,Group 3 Low Potential,Floor Removal - Active,7511.7,0.0,6,0,FALSE,Y,FALSE,TRUE,N
1037741,Room by room furniture(MS),Retail,Multiple locations,Group 3 Low Potential,Territory Realignment,0.0,0.0,0,0,FALSE,N,FALSE,FALSE,Y
1008630,"Ashley Meier Design, LLC",DESIGN,DESIGNER_INDEPENDENT,Group 3 Low Potential,Floor Removal - Active,4405.0,0.0,2,0,FALSE,Y,FALSE,TRUE,N
1016688,Melanie Bryant Interiors,DESIGN,DESIGN_FIRM,Group 3 Low Potential,Floor Removal - Active,9597.0,0.0,4,0,FALSE,Y,FALSE,TRUE,N
1038331,Fairfax Fabric Company,Retail,Single location,Group 3 Low Potential,Territory Realignment,0.0,0.0,0,0,FALSE,N,FALSE,FALSE,Y
1038144,Dwell Contractors dba Dwell Interiors,Retail,Multiple locations,Group 3 Low Potential,Territory Realignment,0.0,0.0,0,0,FALSE,N,FALSE,FALSE,Y
1038602,"DG Investment Group, LLC dba Designers Gallery",Retail,Single location,Group 3 Low Potential,Territory Realignment,0.0,0.0,0,0,FALSE,N,FALSE,FALSE,Y
1018295,Ashley Gilbreath Interior Design,DESIGN,DESIGN_FIRM,Group 3 Low Potential,Floor Removal - Active,0.0,0.0,0,0,FALSE,Y,FALSE,TRUE,N
1026156,HAUS DESIGN,DESIGN,DESIGN_FIRM,Group 3 Low Potential,Floor Removal - Active,1455.0,0.0,2,0,FALSE,Y,FALSE,TRUE,N
1027839,Verdigris Home and Design LLC,DESIGN,DESIGN_FIRM,Group 3 Low Potential,Floor Removal - Active,266.0,0.0,1,0,FALSE,Y,FALSE,TRUE,N
1035691,Debbie Mathews Antiques & Designs,Design,Design Firm,Group 3 Low Potential,Floor Removal - Dormant,0.0,0.0,0,0,FALSE,Y,FALSE,TRUE,Y
1008539,Melanie Pounds Interior Design,Design,Design Firm,Group 3 Low Potential,Floor Removal - Dormant,0.0,0.0,0,0,FALSE,Y,FALSE,TRUE,Y
1028034,Acadian House Design & Renovation,Design,Design Firm,Group 3 Low Potential,Floor Removal - Dormant,0.0,0.0,0,0,FALSE,Y,FALSE,TRUE,Y
1034795,THE IRON GATE,Design,Design Firm,Group 3 Low Potential,Floor Removal - Dormant,0.0,0.0,0,0,FALSE,Y,FALSE,TRUE,Y
1038124,Michael Allen Interiors,Design,Design Firm,Group 3 Low Potential,Floor Removal - Dormant,0.0,0.0,0,0,FALSE,Y,FALSE,TRUE,Y
1037625,House of Orange,Design,Independent Designer,Group 3 Low Potential,Floor Removal - Dormant,0.0,0.0,0,0,FALSE,Y,FALSE,TRUE,Y
1038789,Interior Design,Design,Independent Designer,Group 3 Low Potential,Floor Removal - Dormant,0.0,0.0,0,0,FALSE,Y,FALSE,TRUE,Y
1018640,L. Allison Interior Design,DESIGN,DESIGNER_INDEPENDENT,Group 3 Low Potential,Floor Removal - Active,14804.0,-545.0,8,3,FALSE,Y,FALSE,TRUE,N
,,,,,,,,,,,,,,,
================================================================================,,,,,,,,,,,,,,,
ZERO REVENUE ACCOUNTS: 22 accounts (2 are new 2025 customers),,,,,,,,,,,,,,,
================================================================================,,,,,,,,,,,,,,,
Customer No.,Account_Name,Segment,Sub_Segment,Segment_Label,Total_Rev_2024,Total_Rev_2025,Orders_2024,Orders_2025,Is_New_2025,BTF,Floor_Exception,Floor_Removed,In SF ex BI
1023264,Lita Belcher Interior Design,DESIGN,DESIGN_FIRM,Group 3 Low Potential,29645.2,0.0,5,0,FALSE,Y,TRUE,FALSE,N
1024667,Howard & Marsh Exchange,RETAIL,SINGLE_LOCATION,Group 3 Low Potential,12617.8,0.0,5,0,FALSE,N,FALSE,FALSE,N
1017054,Renfrow Decorative Center,RETAIL,SINGLE_LOCATION,Group 3 Low Potential,11965.0,0.0,5,0,FALSE,N,FALSE,FALSE,N
1018660,Summer Classics - Winter Park 311,RETAIL,SINGLE_LOCATION,Group 3 Low Potential,10135.0,0.0,6,0,FALSE,N,FALSE,FALSE,N
1019190,Summer Classics home - Austin,RETAIL,SINGLE_LOCATION,Group 3 Low Potential,9430.0,0.0,7,0,FALSE,N,FALSE,FALSE,N
1018662,Summer Classics - San Antonio 308,RETAIL,SINGLE_LOCATION,Group 3 Low Potential,9125.0,0.0,8,0,FALSE,N,FALSE,FALSE,N
1018661,Summer Classics - Jacksonville 310,RETAIL,SINGLE_LOCATION,Group 3 Low Potential,8405.0,0.0,6,0,FALSE,N,FALSE,FALSE,N
1024361,Tracy Norton Interiors,RETAIL,SINGLE_LOCATION,Group 3 Low Potential,4310.8,0.0,3,0,FALSE,N,FALSE,FALSE,N
1027475,Rosegate Design,RETAIL,SINGLE_LOCATION,Group 3 Low Potential,3800.0,0.0,1,0,FALSE,N,FALSE,FALSE,N
1007213,Urban Home Market,RETAIL,SINGLE_LOCATION,Group 3 Low Potential,945.0,0.0,1,0,FALSE,N,FALSE,FALSE,N
1008312,Mint Home,RETAIL,SINGLE_LOCATION,Group 3 Low Potential,755.0,0.0,1,0,FALSE,N,FALSE,FALSE,N
1000696,Willis Furniture,RETAIL,SINGLE_LOCATION,Group 3 Low Potential,700.0,0.0,1,0,FALSE,N,FALSE,FALSE,N
1012184,Carpet Den Interiors,RETAIL,SINGLE_LOCATION,Group 3 Low Potential,636.6,0.0,1,0,FALSE,N,FALSE,FALSE,N
1012638,Millennium Home Furnishings,RETAIL,SINGLE_LOCATION,Group 3 Low Potential,475.0,0.0,1,0,FALSE,N,FALSE,FALSE,N
1009470,LD Linens and Decor,RETAIL,SINGLE_LOCATION,Group 3 Low Potential,0.0,0.0,0,0,FALSE,N,FALSE,FALSE,N
1008910,Impulse Interiors,RETAIL,SINGLE_LOCATION,Group 3 Low Potential,0.0,0.0,0,0,FALSE,N,FALSE,FALSE,N
1017528,Comeaux Furniture Appliance And Mattress,RETAIL,MULTIPLE_LOCATIONS,Group 3 Low Potential,0.0,0.0,0,0,FALSE,N,FALSE,FALSE,N
1018240,The Rug Shop,RETAIL,SINGLE_LOCATION,Group 3 Low Potential,0.0,0.0,0,0,FALSE,N,FALSE,FALSE,N
1018553,SC Richmond,RETAIL,SINGLE_LOCATION,Group 3 Low Potential,0.0,0.0,0,0,FALSE,N,FALSE,FALSE,N
1020223,Monica Waechter Design LLC,RETAIL,SINGLE_LOCATION,Group 3 Low Potential,0.0,0.0,0,0,FALSE,N,FALSE,FALSE,N
1035810,Mary McBride Interiors,DESIGN,DESIGN_FIRM,Group 3 High Potential,0.0,0.0,0,0,TRUE,N,FALSE,FALSE,N
1036933,"MILIEU ""A Curated Interior Atelier""",RETAIL,SINGLE_LOCATION,Group 3 High Potential,0.0,0.0,0,0,TRUE,N,FALSE,FALSE,N
,,,,,,,,,,,,,,,
