Rep Detail Report V2: Jesse and Larry Gerber,,,,,,,,,,,,,,,
Generated: 2025-12-21 18:49:56,,,,,,,,,,,,,,,
,,,,,,,,,,,,,,,
================================================================================,,,,,,,,,,,,,,,
SUMMARY METRICS,,,,,,,,,,,,,,,
================================================================================,,,,,,,,,,,,,,,
Before_Accounts,Before_SF_Ex_BI,Before_Rev_2024,Before_Rev_2025,Accounts_Moved_In,Accounts_Moved_Out,Net_Account_Change,Account_Change_Pct,Rev_Moved_In,Rev_Moved_Out,Net_Rev_Change,Revenue_Change_Pct,After_Accounts,After_Rev_2025,Floor_Exception_Accounts,Floor_Exception_Rev,SF_Ex_BI_Accounts,Zero_Rev_Accounts,Zero_Rev_New_2025,Accounts_Lost_Territory,Rev_Lost_Territory,Accounts_Lost_Floor_Active,Rev_Lost_Floor_Active,Accounts_Lost_Floor_Dormant,Rev_Lost_Floor_Dormant
272,0,1286220.32,1358835.12,0,150,-150,-55.15,0.0,29874.0,-29874.0,-2.2,122,1328961.12,1,0.0,0,16,8,0,0.0,150,29874.0,0,0.0
,,,,,,,,,,,,,,,
,,,,,,,,,,,,,,,
================================================================================,,,,,,,,,,,,,,,
BREAKDOWN BY SEGMENT,,,,,,,,,,,,,,,
================================================================================,,,,,,,,,,,,,,,
,Accounts,Revenue,Exceptions,Removed,,,,,,,,,,
Group 1 High Potential: ,8,440413.47,0,0,,,,,,,,,,
Group 1 Medium Potential: ,9,298408.68,0,0,,,,,,,,,,
Group 2 High Potential: ,31,258857.92,0,0,,,,,,,,,,
Group 2 Medium Potential: ,51,320310.15,0,0,,,,,,,,,,
Group 2 Low Potential: ,1,2885.9,0,0,,,,,,,,,,
Group 3 High Potential: ,12,3765.0,0,0,,,,,,,,,,
Group 3 Medium Potential: ,1,2255.0,0,0,,,,,,,,,,
Group 3 Low Potential: ,9,2065.0,1,0,,,,,,,,,,
Totals,122,1328961.12,1,0,,,,,,,,,,
,,,,,,,,,,,,,,,
================================================================================,,,,,,,,,,,,,,,
GROUP 1 (HIGH REVENUE) - KEEPING: 17 accounts | $738822.15 revenue,,,,,,,,,,,,,,,
================================================================================,,,,,,,,,,,,,,,
Customer No.,Account_Name,Segment,Sub_Segment,Segment_Label,Total_Rev_2024,Total_Rev_2025,Orders_2024,Orders_2025,Is_New_2025,BTF,Floor_Exception,Floor_Removed,In SF ex BI
1010304,Coco Interior Design,DESIGN,DESIGN_FIRM,Group 1 High Potential,132301.0,167122.27,95,132,FALSE,N,FALSE,FALSE,N
1005211,Blufish Designs,RETAIL,SINGLE_LOCATION,Group 1 Medium Potential,108954.85,74301.91,74,74,FALSE,N,FALSE,FALSE,N
1013197,Benavides Design House,DESIGN,DESIGNER_INDEPENDENT,Group 1 High Potential,42351.2,64908.5,21,37,FALSE,N,FALSE,FALSE,N
1010296,Joy of Living,DESIGN,DESIGN_FIRM,Group 1 High Potential,39752.5,52805.0,46,51,FALSE,N,FALSE,FALSE,N
1008450,AHD + Co,DESIGN,DESIGN_FIRM,Group 1 Medium Potential,47067.0,42639.68,18,15,FALSE,N,FALSE,FALSE,N
1020657,AH Design Group,DESIGN,DESIGN_FIRM,Group 1 High Potential,48637.6,42426.0,29,39,FALSE,N,FALSE,FALSE,N
1016020,Ellie Mroz Design,DESIGN,DESIGN_FIRM,Group 1 High Potential,32402.0,41075.02,15,24,FALSE,N,FALSE,FALSE,N
1000366,Creative WaLLCoverings and Interiors,DESIGN,DESIGN_FIRM,Group 1 High Potential,14432.5,32349.0,10,21,FALSE,N,FALSE,FALSE,N
1015079,Elements Interior Design,DESIGN,DESIGN_FIRM,Group 1 Medium Potential,18433.0,31816.0,22,26,FALSE,N,FALSE,FALSE,N
1011709,Jenny Madden Design,DESIGN,DESIGN_FIRM,Group 1 Medium Potential,28707.0,29548.0,16,14,FALSE,N,FALSE,FALSE,N
1000392,Woven Floors,RETAIL,SINGLE_LOCATION,Group 1 Medium Potential,50.0,26086.0,2,5,FALSE,N,FALSE,FALSE,N
1011600,Palisade Furniture,DESIGN,DESIGN_FIRM,Group 1 Medium Potential,45586.6,25538.7,57,41,FALSE,N,FALSE,FALSE,N
1018958,The Saltwater House,DESIGN,DESIGN_FIRM,Group 1 Medium Potential,20932.2,24365.32,19,20,FALSE,N,FALSE,FALSE,N
1024238,B. Oliver Designs DBA The Spotted Whale,RETAIL,MULTIPLE_LOCATIONS,Group 1 Medium Potential,14536.9,22803.49,35,35,FALSE,N,FALSE,FALSE,N
1017837,The Style Studio LLC,DESIGN,DESIGN_FIRM,Group 1 High Potential,7270.4,21516.7,11,6,FALSE,N,FALSE,FALSE,N
1020278,STYLED BY STORMS LLC,DESIGN,DESIGNER_INDEPENDENT,Group 1 Medium Potential,24755.35,21309.58,3,10,FALSE,N,FALSE,FALSE,N
1012270,Mimi and Hill,DESIGN,DESIGN_FIRM,Group 1 High Potential,9222.0,18210.98,4,8,FALSE,N,FALSE,FALSE,N
,,,,,,,,,,,,,,,
================================================================================,,,,,,,,,,,,,,,
GROUP 2 (MID REVENUE) - KEEPING: 83 accounts | $582053.97 revenue,,,,,,,,,,,,,,,
================================================================================,,,,,,,,,,,,,,,
Customer No.,Account_Name,Segment,Sub_Segment,Segment_Label,Total_Rev_2024,Total_Rev_2025,Orders_2024,Orders_2025,Is_New_2025,BTF,Floor_Exception,Floor_Removed,In SF ex BI
1009979,Jennifer Busler Interiors,DESIGN,DESIGN_FIRM,Group 2 Medium Potential,7391.29,17684.0,9,6,FALSE,N,FALSE,FALSE,N
1013294,Noa Blake Design,DESIGN,DESIGN_FIRM,Group 2 High Potential,22872.57,17086.48,10,15,FALSE,N,FALSE,FALSE,N
1002000,Red Chair,DESIGN,DESIGN_FIRM,Group 2 High Potential,9045.0,16935.64,12,9,FALSE,N,FALSE,FALSE,N
1010784,D and G Interiors + Design,DESIGN,DESIGN_FIRM,Group 2 High Potential,8068.6,16043.35,7,7,FALSE,N,FALSE,FALSE,N
1024005,a sloan design,DESIGN,DESIGN_FIRM,Group 2 High Potential,3933.0,15062.0,4,12,FALSE,N,FALSE,FALSE,N
1013497,Sharon Goldberg Interior Design,DESIGN,DESIGNER_INDEPENDENT,Group 2 Medium Potential,17198.7,14875.0,12,7,FALSE,N,FALSE,FALSE,N
1012495,Re-Feather Your Nest (NJ),DESIGN,DESIGNER_INDEPENDENT,Group 2 High Potential,3266.0,14726.0,4,9,FALSE,N,FALSE,FALSE,N
1004855,CYS Design (Butter & Velvet),DESIGN,DESIGN_FIRM,Group 2 High Potential,12687.5,14557.0,12,10,FALSE,N,FALSE,FALSE,N
1006040,"Evenflow Interiors, LLC",DESIGN,DESIGNER_INDEPENDENT,Group 2 Medium Potential,12625.8,14076.75,11,10,FALSE,N,FALSE,FALSE,N
1019041,Colette Interiors,DESIGN,DESIGN_FIRM,Group 2 Medium Potential,31872.0,12868.0,23,15,FALSE,N,FALSE,FALSE,N
1009482,Gerts House of Style,DESIGN,DESIGN_FIRM,Group 2 High Potential,0.0,12833.24,2,6,FALSE,N,FALSE,FALSE,N
1015698,Karin Eckerson Interiors,DESIGN,DESIGNER_INDEPENDENT,Group 2 High Potential,8307.0,12234.8,5,8,FALSE,N,FALSE,FALSE,N
1012230,Britt Design Studio,DESIGN,DESIGN_FIRM,Group 2 Medium Potential,38916.8,12070.94,22,7,FALSE,N,FALSE,FALSE,N
1034983,GJ Living,DESIGN,DESIGN_FIRM,Group 2 Medium Potential,685.0,11804.9,2,18,FALSE,N,FALSE,FALSE,N
1010873,"Award Interiors, Inc.",DESIGN,DESIGN_FIRM,Group 2 Medium Potential,11557.23,10865.84,16,10,FALSE,N,FALSE,FALSE,N
1010372,Acker Bryant Design,DESIGN,DESIGN_FIRM,Group 2 Medium Potential,7965.0,10605.5,9,8,FALSE,N,FALSE,FALSE,N
1012194,Decorative Touch,DESIGN,DESIGN_FIRM,Group 2 High Potential,11805.0,10251.0,19,10,FALSE,N,FALSE,FALSE,N
1003533,Kbw and Associates-Karen Wolf Interiors,DESIGN,DESIGN_FIRM,Group 2 High Potential,1554.0,10019.0,2,8,FALSE,N,FALSE,FALSE,N
1000393,Zaksons,RETAIL,SINGLE_LOCATION,Group 2 High Potential,3235.0,9509.0,4,9,FALSE,N,FALSE,FALSE,N
1014477,Alexis Hughes & Co,DESIGN,DESIGNER_INDEPENDENT,Group 2 Medium Potential,7104.1,9433.76,4,8,FALSE,N,FALSE,FALSE,N
1024689,Unearthed Interiors,DESIGN,DESIGNER_INDEPENDENT,Group 2 Medium Potential,4632.7,9277.97,10,7,FALSE,N,FALSE,FALSE,N
1012383,Perkin Design Interiors,DESIGN,DESIGNER_INDEPENDENT,Group 2 High Potential,2351.5,8935.06,5,8,FALSE,N,FALSE,FALSE,N
1005089,Victoria Balson Interiors,DESIGN,DESIGNER_INDEPENDENT,Group 2 Medium Potential,6748.0,8892.04,3,4,FALSE,N,FALSE,FALSE,N
1010676,KL Interiors LLC (NJ),DESIGN,DESIGNER_INDEPENDENT,Group 2 High Potential,425.0,8435.0,1,4,FALSE,N,FALSE,FALSE,N
1021140,Christie Perham Interiors,DESIGN,DESIGNER_INDEPENDENT,Group 2 High Potential,2376.0,8431.0,4,7,FALSE,N,FALSE,FALSE,N
1019647,nest (NJ),DESIGN,DESIGN_FIRM,Group 2 Medium Potential,0.0,8313.0,0,3,FALSE,N,FALSE,FALSE,N
1014062,Melissa Peel Design,DESIGN,DESIGNER_INDEPENDENT,Group 2 High Potential,7790.0,8113.5,13,12,FALSE,N,FALSE,FALSE,N
1004695,Schwartz Design Showroom,DESIGN,DESIGN_FIRM,Group 2 Medium Potential,26807.77,7494.73,20,18,FALSE,N,FALSE,FALSE,N
1027174,soft furnishings by stephanie,DESIGN,DESIGNER_INDEPENDENT,Group 2 High Potential,0.0,7320.3,0,4,TRUE,N,FALSE,FALSE,N
1006121,Tracy Pearce Interior Design,DESIGN,DESIGN_FIRM,Group 2 Medium Potential,4451.81,7219.77,4,7,FALSE,N,FALSE,FALSE,N
1003331,"Fazzio Interiors, Inc.",DESIGN,DESIGN_FIRM,Group 2 Medium Potential,14862.8,7163.5,23,14,FALSE,N,FALSE,FALSE,N
1011394,Creative Works,DESIGN,DESIGNER_INDEPENDENT,Group 2 Medium Potential,4922.0,6979.5,10,6,FALSE,N,FALSE,FALSE,N
1013827,Realm Designs Inc,DESIGN,DESIGN_FIRM,Group 2 Medium Potential,1601.75,6844.0,2,2,FALSE,N,FALSE,FALSE,N
1010590,Judy King Interiors,DESIGN,DESIGNER_INDEPENDENT,Group 2 High Potential,1376.0,6696.0,3,4,FALSE,N,FALSE,FALSE,N
1009855,Exquisite Design (NJ),DESIGN,DESIGNER_INDEPENDENT,Group 2 Medium Potential,0.0,6476.58,0,2,FALSE,N,FALSE,FALSE,N
1013406,Agape Design Group,DESIGN,DESIGN_FIRM,Group 2 Medium Potential,3310.0,6455.7,1,5,FALSE,N,FALSE,FALSE,N
1012988,TC Interiors,DESIGN,DESIGN_FIRM,Group 2 High Potential,1030.0,6440.0,3,2,FALSE,N,FALSE,FALSE,N
1001069,Ashton-Whyte,RETAIL,SINGLE_LOCATION,Group 2 High Potential,2400.0,6406.45,0,3,FALSE,N,FALSE,FALSE,N
1004837,Carisa Mahnken Design,DESIGN,DESIGN_FIRM,Group 2 Medium Potential,0.0,6376.5,0,2,FALSE,N,FALSE,FALSE,N
1006453,The Beach Home NJ LLC,RETAIL,SINGLE_LOCATION,Group 2 Medium Potential,192.0,6329.2,1,4,FALSE,N,FALSE,FALSE,N
1004160,"Adler Designs, Inc.",DESIGN,DESIGNER_INDEPENDENT,Group 2 Medium Potential,5026.0,5948.84,7,2,FALSE,N,FALSE,FALSE,N
1014260,Ricciardi Brothers Inc,DESIGN,DESIGN_FIRM,Group 2 Medium Potential,3196.8,5863.0,8,6,FALSE,N,FALSE,FALSE,N
1011119,Flynn Thoughts Design,DESIGN,DESIGNER_INDEPENDENT,Group 2 Medium Potential,9560.2,5477.5,9,3,FALSE,N,FALSE,FALSE,N
1035483,British Home Emporium,RETAIL,SINGLE_LOCATION,Group 2 High Potential,0.0,5329.0,0,8,TRUE,N,FALSE,FALSE,N
1016339,LALIBERTE INTERIORS LLC,DESIGN,DESIGN_FIRM,Group 2 Medium Potential,13697.4,5293.52,8,2,FALSE,N,FALSE,FALSE,N
1006026,Jill Ryan Interiors,DESIGN,DESIGNER_INDEPENDENT,Group 2 Medium Potential,7869.5,4937.0,11,9,FALSE,N,FALSE,FALSE,N
1026989,Townehaus,DESIGN,DESIGNER_INDEPENDENT,Group 2 High Potential,537.0,4870.0,2,6,FALSE,N,FALSE,FALSE,N
1022344,Pamela Hillner Interior Design,DESIGN,DESIGNER_INDEPENDENT,Group 2 Medium Potential,0.0,4758.0,0,3,FALSE,N,FALSE,FALSE,N
1015563,The Briant Group LLC operating as HALDEN Interiors,DESIGN,DESIGN_FIRM,Group 2 Medium Potential,0.0,4710.0,0,4,FALSE,N,FALSE,FALSE,N
1035158,HCO Interiors,DESIGN,DESIGNER_INDEPENDENT,Group 2 Medium Potential,1589.0,4707.6,2,2,FALSE,N,FALSE,FALSE,N
1013155,"Uniquely Anew, LLC",DESIGN,DESIGN_FIRM,Group 2 High Potential,1450.0,4681.0,1,4,FALSE,N,FALSE,FALSE,N
1037900,Roost and Company LLC,DESIGN,DESIGNER_INDEPENDENT,Group 2 High Potential,0.0,4637.7,0,5,TRUE,N,FALSE,FALSE,N
1011569,Michael Mariotti Interior Design,DESIGN,DESIGNER_INDEPENDENT,Group 2 High Potential,0.0,4581.0,0,4,TRUE,N,FALSE,FALSE,N
1001157,Interiors at 40 Main,DESIGN,DESIGNER_INDEPENDENT,Group 2 Medium Potential,8446.1,4497.0,7,7,FALSE,N,FALSE,FALSE,N
1010892,ID 810 Design Group,DESIGN,DESIGN_FIRM,Group 2 High Potential,1450.0,4367.0,1,2,FALSE,N,FALSE,FALSE,N
1016656,Studio23 Home,DESIGN,DESIGN_FIRM,Group 2 Medium Potential,0.0,4334.96,0,3,FALSE,N,FALSE,FALSE,N
1011105,Dulce Feito-Daly LLC,DESIGN,DESIGNER_INDEPENDENT,Group 2 Medium Potential,256.0,4308.0,1,3,FALSE,N,FALSE,FALSE,N
1010315,Michael Felice Interiors,DESIGN,DESIGN_FIRM,Group 2 Medium Potential,1835.2,4298.7,3,7,FALSE,N,FALSE,FALSE,N
1017775,Cecilia B Interiors,DESIGN,DESIGNER_INDEPENDENT,Group 2 Medium Potential,0.0,4121.0,0,2,FALSE,N,FALSE,FALSE,N
1036202,Bridget Catherine Interiors,DESIGN,DESIGNER_INDEPENDENT,Group 2 High Potential,0.0,4080.0,0,5,TRUE,N,FALSE,FALSE,N
1011878,"Elizabeth Guest Interiors, LLC",DESIGN,DESIGNER_INDEPENDENT,Group 2 Medium Potential,0.0,4000.0,0,1,FALSE,N,FALSE,FALSE,N
1010543,iDesign Interiors,DESIGN,DESIGNER_INDEPENDENT,Group 2 Medium Potential,3649.0,3910.0,2,2,FALSE,N,FALSE,FALSE,N
1006479,Rachael Liberman Design,DESIGN,DESIGNER_INDEPENDENT,Group 2 Medium Potential,-1420.0,3872.0,0,2,FALSE,N,FALSE,FALSE,N
1016087,"Decorated Interiors, LLC",DESIGN,DESIGNER_INDEPENDENT,Group 2 Medium Potential,6475.0,3830.0,2,2,FALSE,N,FALSE,FALSE,N
1011622,"Violet's Designs, LLC",DESIGN,DESIGNER_INDEPENDENT,Group 2 Medium Potential,2202.0,3588.0,1,3,FALSE,N,FALSE,FALSE,N
1037747,White House Luxe Uptown Country,RETAIL,SINGLE_LOCATION,Group 2 High Potential,0.0,3576.5,0,2,TRUE,N,FALSE,FALSE,N
1035157,7B Design,DESIGN,DESIGNER_INDEPENDENT,Group 2 Medium Potential,0.0,3575.0,0,3,FALSE,N,FALSE,FALSE,N
1035257,Gold Marked Studio,DESIGN,DESIGN_FIRM,Group 2 High Potential,0.0,3511.7,0,3,TRUE,N,FALSE,FALSE,N
1016753,ECID,DESIGN,DESIGN_FIRM,Group 2 High Potential,0.0,3439.0,0,1,TRUE,N,FALSE,FALSE,N
1010710,P Smith Design,DESIGN,DESIGN_FIRM,Group 2 Medium Potential,15958.1,3395.72,24,4,FALSE,N,FALSE,FALSE,N
1005488,DW Designs,DESIGN,DESIGNER_INDEPENDENT,Group 2 Medium Potential,419.4,3393.0,2,3,FALSE,N,FALSE,FALSE,N
1011772,Demi Horn Designs,DESIGN,DESIGNER_INDEPENDENT,Group 2 High Potential,113.0,3195.0,1,1,FALSE,N,FALSE,FALSE,N
1020344,Jute Design House LLC,DESIGN,DESIGN_FIRM,Group 2 Medium Potential,2079.0,3187.0,3,4,FALSE,N,FALSE,FALSE,N
1022127,"David Muller Interiors,LLC",DESIGN,DESIGNER_INDEPENDENT,Group 2 Medium Potential,6511.0,2984.0,8,6,FALSE,N,FALSE,FALSE,N
1010034,"Robert Jennings Design, LLC",DESIGN,DESIGNER_INDEPENDENT,Group 2 Medium Potential,17554.93,2956.5,12,6,FALSE,N,FALSE,FALSE,N
1010216,SS Jesse and Larry Gerber,INTERNAL,SALES_REP,Group 2 Low Potential,4910.75,2885.9,2,4,FALSE,N,FALSE,FALSE,N
1010656,Granert Interior Planning,DESIGN,DESIGNER_INDEPENDENT,Group 2 Medium Potential,3302.9,2875.0,3,1,FALSE,N,FALSE,FALSE,N
1010310,Designer's Resource (NJ),DESIGN,DESIGN_FIRM,Group 2 Medium Potential,4135.0,2872.5,7,1,FALSE,N,FALSE,FALSE,N
1010335,Girard Home Interiors,DESIGN,DESIGN_FIRM,Group 2 Medium Potential,2247.0,2782.0,3,3,FALSE,N,FALSE,FALSE,N
1010697,Storer Designs,DESIGN,DESIGNER_INDEPENDENT,Group 2 Medium Potential,8612.0,2675.5,6,3,FALSE,N,FALSE,FALSE,N
1021299,Studio Envie,DESIGN,DESIGN_FIRM,Group 2 High Potential,0.0,2555.2,0,4,FALSE,N,FALSE,FALSE,N
1013152,Laurie Digiacomo Interiors,DESIGN,DESIGNER_INDEPENDENT,Group 2 Medium Potential,3889.9,2527.13,3,3,FALSE,N,FALSE,FALSE,N
1010350,Red Bank Design Center,DESIGN,DESIGN_FIRM,Group 2 Medium Potential,11968.19,2524.5,10,7,FALSE,N,FALSE,FALSE,N
,,,,,,,,,,,,,,,
================================================================================,,,,,,,,,,,,,,,
GROUP 3 (LOW REVENUE) - KEEPING: 21 accounts | $8085.00 revenue,,,,,,,,,,,,,,,
(Protected accounts - not flagged for floor removal),,,,,,,,,,,,,,,
================================================================================,,,,,,,,,,,,,,,
Customer No.,Account_Name,Segment,Sub_Segment,Segment_Label,Total_Rev_2024,Total_Rev_2025,Orders_2024,Orders_2025,Is_New_2025,BTF,Floor_Exception,Floor_Removed,In SF ex BI
1008261,Garret Home,RETAIL,SINGLE_LOCATION,Group 3 Medium Potential,3631.5,2255.0,4,4,FALSE,N,FALSE,FALSE,N
1002013,Complete Interiors,RETAIL,SINGLE_LOCATION,Group 3 Low Potential,3245.0,2065.0,2,1,FALSE,N,FALSE,FALSE,N
1012684,AIM Interior Design,DESIGN,DESIGN_FIRM,Group 3 High Potential,0.0,1640.0,0,3,TRUE,N,FALSE,FALSE,N
1036877,Stone and Birch,DESIGN,DESIGNER_INDEPENDENT,Group 3 High Potential,0.0,915.0,0,1,TRUE,N,FALSE,FALSE,N
1037687,Kash Studio Interiors,DESIGN,DESIGNER_INDEPENDENT,Group 3 High Potential,0.0,790.0,0,2,TRUE,N,FALSE,FALSE,N
1023442,Emma Lynn Design,DESIGN,DESIGNER_INDEPENDENT,Group 3 High Potential,0.0,420.0,0,1,TRUE,N,FALSE,FALSE,N
1010303,Design Consultants (NJ),DESIGN,DESIGN_FIRM,Group 3 High Potential,0.0,0.0,0,0,TRUE,N,FALSE,FALSE,N
1001627,"Ross and Ross, Inc",RETAIL,SINGLE_LOCATION,Group 3 Low Potential,494.0,0.0,1,0,FALSE,N,FALSE,FALSE,N
1008610,Creative Window Design Center,RETAIL,SINGLE_LOCATION,Group 3 Low Potential,0.0,0.0,0,0,FALSE,N,FALSE,FALSE,N
1014022,Ivanka's Home,DESIGN,DESIGNER_INDEPENDENT,Group 3 High Potential,0.0,0.0,0,0,TRUE,N,FALSE,FALSE,N
1021928,Shehadi Commercial Flooring,RETAIL,SINGLE_LOCATION,Group 3 Low Potential,0.0,0.0,0,0,FALSE,N,FALSE,FALSE,N
1013663,Route 9 Wickery Inc - The Wickery,RETAIL,SINGLE_LOCATION,Group 3 Low Potential,0.0,0.0,0,0,FALSE,N,FALSE,FALSE,N
1011434,Kelley Karpets,RETAIL,SINGLE_LOCATION,Group 3 Low Potential,0.0,0.0,0,0,FALSE,N,FALSE,FALSE,N
1026176,MY WAY CARPET INC.,RETAIL,SINGLE_LOCATION,Group 3 Low Potential,0.0,0.0,0,0,FALSE,N,FALSE,FALSE,N
1023443,Lauren Hope Interiors,DESIGN,DESIGNER_INDEPENDENT,Group 3 High Potential,0.0,0.0,0,0,TRUE,N,FALSE,FALSE,N
1036584,"Lotus Design, LLC",DESIGN,DESIGNER_INDEPENDENT,Group 3 High Potential,0.0,0.0,0,0,TRUE,N,FALSE,FALSE,N
1026229,BESPOKE home + life,RETAIL,SINGLE_LOCATION,Group 3 Low Potential,913.5,0.0,1,0,FALSE,N,FALSE,FALSE,N
1037319,justin odle Interiors,DESIGN,DESIGN_FIRM,Group 3 High Potential,0.0,0.0,0,0,TRUE,N,FALSE,FALSE,N
1037989,"Kaleidoscope Interior Design, LLC",DESIGN,DESIGNER_INDEPENDENT,Group 3 High Potential,0.0,0.0,0,0,TRUE,N,FALSE,FALSE,N
1038072,Optimum Flooring,RETAIL,SINGLE_LOCATION,Group 3 High Potential,0.0,0.0,0,0,TRUE,N,FALSE,FALSE,N
1038357,JS Interior Design dba JS Interiors,DESIGN,DESIGN_FIRM,Group 3 High Potential,0.0,0.0,0,0,TRUE,N,FALSE,FALSE,N
,,,,,,,,,,,,,,,
================================================================================,,,,,,,,,,,,,,,
GROUP 3 (LOW REVENUE) - FLOOR EXCEPTIONS: 1 accounts | $0.00 revenue,,,,,,,,,,,,,,,
(BTF='Y' but account stayed with original rep - EXCEPTION MADE),,,,,,,,,,,,,,,
================================================================================,,,,,,,,,,,,,,,
Customer No.,Account_Name,Segment,Sub_Segment,Segment_Label,Total_Rev_2024,Total_Rev_2025,Orders_2024,Orders_2025,Is_New_2025,BTF,Floor_Exception,Floor_Removed,In SF ex BI
1010793,Lawrence-Mayer Interiors,DESIGN,DESIGN_FIRM,Group 3 Low Potential,29634.9,0.0,4,0,FALSE,Y,TRUE,FALSE,N
,,,,,,,,,,,,,,,
================================================================================,,,,,,,,,,,,,,,
ACCOUNTS LOST - SUMMARY: 150 total accounts,,,,,,,,,,,,,,,
================================================================================,,,,,,,,,,,,,,,
Customer No.,Account_Name,Segment,Sub_Segment,Segment_Label,Loss_Category,Total_Rev_2024,Total_Rev_2025,Orders_2024,Orders_2025,Is_New_2025,BTF,Floor_Exception,Floor_Removed,In SF ex BI
1014502,Silverwing Interiors,DESIGN,DESIGNER_INDEPENDENT,Group 3 Medium Potential,Floor Removal - Active,0.0,2334.0,0,4,FALSE,Y,FALSE,TRUE,N
1006478,CR Interior Designs,DESIGN,DESIGNER_INDEPENDENT,Group 3 High Potential,Floor Removal - Active,0.0,2212.75,1,2,FALSE,Y,FALSE,TRUE,N
1002487,Design Works (NJ),DESIGN,DESIGNER_INDEPENDENT,Group 3 Medium Potential,Floor Removal - Active,69.84,1930.0,1,1,FALSE,Y,FALSE,TRUE,N
1019478,Touch of Decor,DESIGN,DESIGN_FIRM,Group 3 Medium Potential,Floor Removal - Active,2807.0,1850.0,8,1,FALSE,Y,FALSE,TRUE,N
1017745,Brooke Graziano Interiors,DESIGN,DESIGNER_INDEPENDENT,Group 3 Medium Potential,Floor Removal - Active,3100.0,1777.5,2,2,FALSE,Y,FALSE,TRUE,N
1020076,Ad.dZijn,DESIGN,DESIGNER_INDEPENDENT,Group 3 Medium Potential,Floor Removal - Active,0.0,1772.0,0,1,FALSE,Y,FALSE,TRUE,N
1014983,Kay Design Group,DESIGN,DESIGNER_INDEPENDENT,Group 3 Medium Potential,Floor Removal - Active,0.0,1475.0,0,1,FALSE,Y,FALSE,TRUE,N
1019002,Kitchens by Rose,DESIGN,DESIGN_FIRM,Group 3 Low Potential,Floor Removal - Active,5430.0,1200.0,4,0,FALSE,Y,FALSE,TRUE,N
1026825,Cherry Home Designs,DESIGN,DESIGN_FIRM,Group 3 Medium Potential,Floor Removal - Active,1448.35,1070.0,1,2,FALSE,Y,FALSE,TRUE,N
1013308,BDH Interiors,DESIGN,DESIGNER_INDEPENDENT,Group 3 Medium Potential,Floor Removal - Active,997.0,1049.0,3,2,FALSE,Y,FALSE,TRUE,N
1011365,"Interiors by Luce, LLC",DESIGN,DESIGN_FIRM,Group 3 Medium Potential,Floor Removal - Active,3574.0,1001.0,2,2,FALSE,Y,FALSE,TRUE,N
1007628,Avalon Interiors,DESIGN,DESIGNER_INDEPENDENT,Group 3 Medium Potential,Floor Removal - Active,0.0,933.0,1,0,FALSE,Y,FALSE,TRUE,N
1020163,The Design Bar Interiors,DESIGN,DESIGNER_INDEPENDENT,Group 3 Medium Potential,Floor Removal - Active,385.0,924.0,1,1,FALSE,Y,FALSE,TRUE,N
1003452,Summer House Design Group,DESIGN,DESIGN_FIRM,Group 3 Medium Potential,Floor Removal - Active,1730.0,903.0,2,1,FALSE,Y,FALSE,TRUE,N
1019849,Town and Country Design Studio,DESIGN,DESIGN_FIRM,Group 3 Medium Potential,Floor Removal - Active,0.0,900.0,0,1,FALSE,Y,FALSE,TRUE,N
1010628,Bacarella Interiors,DESIGN,DESIGNER_INDEPENDENT,Group 3 Medium Potential,Floor Removal - Active,1751.5,863.0,3,1,FALSE,Y,FALSE,TRUE,N
1004812,Distinctive Image and Design,DESIGN,DESIGNER_INDEPENDENT,Group 3 Medium Potential,Floor Removal - Active,18908.76,770.0,13,5,FALSE,Y,FALSE,TRUE,N
1005807,Interiors By Joann,DESIGN,DESIGN_FIRM,Group 3 Medium Potential,Floor Removal - Active,6606.0,751.25,12,5,FALSE,Y,FALSE,TRUE,N
1010035,Susan Strauss Design,DESIGN,DESIGN_FIRM,Group 3 Medium Potential,Floor Removal - Active,1495.0,669.0,1,2,FALSE,Y,FALSE,TRUE,N
1010291,L and L Interiors - Decorating Den,DESIGN,DESIGNER_INDEPENDENT,Group 3 Medium Potential,Floor Removal - Active,0.0,630.0,0,1,FALSE,Y,FALSE,TRUE,N
1010974,"Bernards Decorating, Inc.",DESIGN,DESIGNER_INDEPENDENT,Group 3 Medium Potential,Floor Removal - Active,306.0,613.5,3,1,FALSE,Y,FALSE,TRUE,N
1007328,NLM Design Interiors,DESIGN,DESIGN_FIRM,Group 3 Medium Potential,Floor Removal - Active,285.0,500.0,0,0,FALSE,Y,FALSE,TRUE,N
1008149,Exceptional Flooring Concepts,DESIGN,DESIGN_FIRM,Group 3 Medium Potential,Floor Removal - Active,3160.5,469.3,1,1,FALSE,Y,FALSE,TRUE,N
1003031,By The Sea Home Decor,DESIGN,DESIGNER_INDEPENDENT,Group 3 Medium Potential,Floor Removal - Active,1445.0,403.0,4,3,FALSE,Y,FALSE,TRUE,N
1027255,Vaso Vergis,DESIGN,DESIGNER_INDEPENDENT,Group 3 Medium Potential,Floor Removal - Active,65.0,344.0,1,1,FALSE,Y,FALSE,TRUE,N
1018824,The Turk Touch,DESIGN,DESIGNER_INDEPENDENT,Group 3 Medium Potential,Floor Removal - Active,0.0,316.0,0,1,FALSE,Y,FALSE,TRUE,N
1019271,Leddy Interiors,DESIGN,DESIGN_FIRM,Group 3 Medium Potential,Floor Removal - Active,4126.0,275.0,2,0,FALSE,Y,FALSE,TRUE,N
1034840,Avalon Interiors,DESIGN,DESIGNER_INDEPENDENT,Group 3 Low Potential,Floor Removal - Active,675.0,275.0,0,0,FALSE,Y,FALSE,TRUE,N
1011374,"Windows of Montclair, Inc.",DESIGN,DESIGN_FIRM,Group 3 Medium Potential,Floor Removal - Active,250.0,260.0,1,1,FALSE,Y,FALSE,TRUE,N
1010302,Parpar dba Hidden Treasures,DESIGN,DESIGN_FIRM,Group 3 Medium Potential,Floor Removal - Active,111.0,225.0,1,0,FALSE,Y,FALSE,TRUE,N
1010318,"Gina Avino Artistic Design, LLC",DESIGN,DESIGN_FIRM,Group 3 Medium Potential,Floor Removal - Active,712.0,194.0,2,1,FALSE,Y,FALSE,TRUE,N
1010970,Janis Evans Interior Design,DESIGN,DESIGNER_INDEPENDENT,Group 3 Medium Potential,Floor Removal - Active,0.0,192.6,0,2,FALSE,Y,FALSE,TRUE,N
1010774,Colleen Rosar Design,DESIGN,DESIGN_FIRM,Group 3 Medium Potential,Floor Removal - Active,756.0,175.0,2,1,FALSE,Y,FALSE,TRUE,N
1010990,"Harmonizing Homes, LLC",DESIGN,DESIGN_FIRM,Group 3 Low Potential,Floor Removal - Active,5352.5,154.0,3,1,FALSE,Y,FALSE,TRUE,N
1009106,Interior Decisions,DESIGN,DESIGN_FIRM,Group 3 Low Potential,Floor Removal - Active,693.0,120.0,1,1,FALSE,Y,FALSE,TRUE,N
1019854,"The Realized Home, LLC",DESIGN,DESIGNER_INDEPENDENT,Group 3 Medium Potential,Floor Removal - Active,0.0,115.0,0,1,FALSE,Y,FALSE,TRUE,N
1014281,SG23 Design LLC,DESIGN,DESIGN_FIRM,Group 3 Medium Potential,Floor Removal - Active,0.0,100.0,0,0,FALSE,Y,FALSE,TRUE,N
1013318,Pasquarello Interiors,DESIGN,DESIGN_FIRM,Group 3 Low Potential,Floor Removal - Active,137.0,99.0,1,1,FALSE,Y,FALSE,TRUE,N
1011299,"Interior Designs By Ria, LLC",DESIGN,DESIGNER_INDEPENDENT,Group 3 Low Potential,Floor Removal - Active,542.5,50.0,2,0,FALSE,Y,FALSE,TRUE,N
1010626,Lila Ray Designs,DESIGN,DESIGN_FIRM,Group 3 Low Potential,Floor Removal - Active,54.0,25.5,1,1,FALSE,Y,FALSE,TRUE,N
1002586,Interior Views Inc.,DESIGN,DESIGN_FIRM,Group 3 Medium Potential,Floor Removal - Active,0.0,25.0,0,0,FALSE,Y,FALSE,TRUE,N
1000382,Greenbaum Interiors,DESIGN,DESIGN_FIRM,Group 3 Low Potential,Floor Removal - Active,0.0,0.0,0,0,FALSE,Y,FALSE,TRUE,N
1004934,"Associated Design Studio, LLC",DESIGN,DESIGNER_INDEPENDENT,Group 3 Low Potential,Floor Removal - Active,0.0,0.0,0,0,FALSE,Y,FALSE,TRUE,N
1005221,Bella Home Interiors,DESIGN,DESIGN_FIRM,Group 3 Low Potential,Floor Removal - Active,0.0,0.0,0,0,FALSE,Y,FALSE,TRUE,N
1004884,DRP Interiors,DESIGN,DESIGN_FIRM,Group 3 Low Potential,Floor Removal - Active,0.0,0.0,0,0,FALSE,Y,FALSE,TRUE,N
1004444,CD Interiors,DESIGN,DESIGNER_INDEPENDENT,Group 3 Low Potential,Floor Removal - Active,0.0,0.0,0,0,FALSE,Y,FALSE,TRUE,N
1004097,"Posh Panes, LLC",DESIGN,DESIGNER_INDEPENDENT,Group 3 Low Potential,Floor Removal - Active,0.0,0.0,0,0,FALSE,Y,FALSE,TRUE,N
1004195,Porter Design Co.,DESIGN,DESIGN_FIRM,Group 3 Low Potential,Floor Removal - Active,0.0,0.0,0,1,FALSE,Y,FALSE,TRUE,N
1002562,Fun House Furnishings and Design,DESIGN,DESIGN_FIRM,Group 3 Low Potential,Floor Removal - Active,2924.0,0.0,3,0,FALSE,Y,FALSE,TRUE,N
1000384,J And S Designer Flooring,DESIGN,DESIGN_FIRM,Group 3 Low Potential,Floor Removal - Active,0.0,0.0,0,0,FALSE,Y,FALSE,TRUE,N
1000700,Jules Duffy Designs,DESIGN,DESIGNER_INDEPENDENT,Group 3 Low Potential,Floor Removal - Active,0.0,0.0,0,0,FALSE,Y,FALSE,TRUE,N
1001168,Mcmullin Design Group,DESIGN,DESIGN_FIRM,Group 3 Low Potential,Floor Removal - Active,0.0,0.0,0,0,FALSE,Y,FALSE,TRUE,N
1001651,Greystone Interiors,DESIGN,DESIGNER_INDEPENDENT,Group 3 Low Potential,Floor Removal - Active,681.0,0.0,1,0,FALSE,Y,FALSE,TRUE,N
1002138,David Anthony Carpets LLC,DESIGN,DESIGNER_INDEPENDENT,Group 3 Low Potential,Floor Removal - Active,0.0,0.0,0,0,FALSE,Y,FALSE,TRUE,N
1006313,Rocco Morgan Design,DESIGN,DESIGNER_INDEPENDENT,Group 3 Low Potential,Floor Removal - Active,0.0,0.0,0,0,FALSE,Y,FALSE,TRUE,N
1006284,"Lori Levine Interiors, Inc.",DESIGN,DESIGNER_INDEPENDENT,Group 3 Low Potential,Floor Removal - Active,0.0,0.0,0,0,FALSE,Y,FALSE,TRUE,N
1005537,Beth Interior Design,DESIGN,DESIGNER_INDEPENDENT,Group 3 Low Potential,Floor Removal - Active,1976.0,0.0,1,0,FALSE,Y,FALSE,TRUE,N
1005427,"Wendy Holden and Associates, LLC",DESIGN,DESIGNER_INDEPENDENT,Group 3 Low Potential,Floor Removal - Active,1270.0,0.0,2,0,FALSE,Y,FALSE,TRUE,N
1010666,"M Silberstein, Inc.",DESIGN,DESIGN_FIRM,Group 3 Low Potential,Floor Removal - Active,2981.5,0.0,4,0,FALSE,Y,FALSE,TRUE,N
1010448,Coastal Cushion,DESIGN,DESIGN_FIRM,Group 3 Low Potential,Floor Removal - Active,0.0,0.0,0,0,FALSE,Y,FALSE,TRUE,N
1010395,"Highland Interiors, Inc.",DESIGN,DESIGNER_INDEPENDENT,Group 3 Low Potential,Floor Removal - Active,0.0,0.0,0,0,FALSE,Y,FALSE,TRUE,N
1010437,"Interiors By CC, Inc.",DESIGN,DESIGNER_INDEPENDENT,Group 3 Low Potential,Floor Removal - Active,100.0,0.0,1,0,FALSE,Y,FALSE,TRUE,N
1010344,Brittany R Lanzone,DESIGN,DESIGNER_INDEPENDENT,Group 3 Low Potential,Floor Removal - Active,0.0,0.0,0,0,FALSE,Y,FALSE,TRUE,N
1010314,Finishing Touches (NJ),DESIGN,DESIGN_FIRM,Group 3 Low Potential,Floor Removal - Active,0.0,0.0,0,0,FALSE,Y,FALSE,TRUE,N
1010946,Widell and Boschetti,DESIGN,DESIGN_FIRM,Group 3 Low Potential,Floor Removal - Active,3208.0,0.0,2,0,FALSE,Y,FALSE,TRUE,N
1011223,Bronson Design Studio,DESIGN,DESIGN_FIRM,Group 3 Low Potential,Floor Removal - Active,810.0,0.0,1,0,FALSE,Y,FALSE,TRUE,N
1011143,LH Design,DESIGN,DESIGNER_INDEPENDENT,Group 3 Low Potential,Floor Removal - Active,0.0,0.0,0,0,FALSE,Y,FALSE,TRUE,N
1010675,CK Design,DESIGN,DESIGNER_INDEPENDENT,Group 3 Low Potential,Floor Removal - Active,0.0,0.0,0,0,FALSE,Y,FALSE,TRUE,N
1010823,"Mason Barrister, Inc.",DESIGN,DESIGN_FIRM,Group 3 Low Potential,Floor Removal - Active,0.0,0.0,0,0,FALSE,Y,FALSE,TRUE,N
1010838,J Patryce Design,DESIGN,DESIGN_FIRM,Group 3 Low Potential,Floor Removal - Active,2560.0,0.0,1,0,FALSE,Y,FALSE,TRUE,N
1011592,Swati Goorha Designs,DESIGN,DESIGNER_INDEPENDENT,Group 3 Low Potential,Floor Removal - Active,0.0,0.0,0,0,FALSE,Y,FALSE,TRUE,N
1010643,Bowerbird,DESIGN,DESIGN_FIRM,Group 3 Low Potential,Floor Removal - Active,0.0,0.0,0,0,FALSE,Y,FALSE,TRUE,N
1010531,"A and R Interiors, Inc.",DESIGN,DESIGN_FIRM,Group 3 Low Potential,Floor Removal - Active,455.0,0.0,1,0,FALSE,Y,FALSE,TRUE,N
1010615,KP Interiors LLC,DESIGN,DESIGN_FIRM,Group 3 Low Potential,Floor Removal - Active,0.0,0.0,0,0,FALSE,Y,FALSE,TRUE,N
1010469,HV Design Group,DESIGN,DESIGN_FIRM,Group 3 Low Potential,Floor Removal - Active,0.0,0.0,0,0,FALSE,Y,FALSE,TRUE,N
1010385,Surfside Casual Furniture,DESIGN,DESIGN_FIRM,Group 3 Low Potential,Floor Removal - Active,0.0,0.0,0,0,FALSE,Y,FALSE,TRUE,N
1010383,"MK Divino Interiors, LLC",DESIGN,DESIGN_FIRM,Group 3 Low Potential,Floor Removal - Active,0.0,0.0,0,0,FALSE,Y,FALSE,TRUE,N
1008938,R Brown Interiors,DESIGN,DESIGNER_INDEPENDENT,Group 3 Low Potential,Floor Removal - Active,1835.0,0.0,1,0,FALSE,Y,FALSE,TRUE,N
1009207,Lisa DeLorenzo - Decorating Den Int,DESIGN,DESIGNER_INDEPENDENT,Group 3 Low Potential,Floor Removal - Active,0.0,0.0,0,0,FALSE,Y,FALSE,TRUE,N
1008027,Sweet Pea,DESIGN,DESIGN_FIRM,Group 3 Low Potential,Floor Removal - Active,0.0,0.0,0,0,FALSE,Y,FALSE,TRUE,N
1008551,Curated Home,DESIGN,DESIGN_FIRM,Group 3 Low Potential,Floor Removal - Active,0.0,0.0,0,0,FALSE,Y,FALSE,TRUE,N
1007296,Lemon Grass Interior,DESIGN,DESIGNER_INDEPENDENT,Group 3 Low Potential,Floor Removal - Active,0.0,0.0,0,0,FALSE,Y,FALSE,TRUE,N
1007692,The Home Revivalists,DESIGN,DESIGN_FIRM,Group 3 Low Potential,Floor Removal - Active,0.0,0.0,0,0,FALSE,Y,FALSE,TRUE,N
1007650,Cedar Street Trading,DESIGN,DESIGNER_INDEPENDENT,Group 3 Low Potential,Floor Removal - Active,3559.0,0.0,3,0,FALSE,Y,FALSE,TRUE,N
1007048,Edited Style,DESIGN,DESIGNER_INDEPENDENT,Group 3 Low Potential,Floor Removal - Active,0.0,0.0,0,0,FALSE,Y,FALSE,TRUE,N
1006455,Thom Sweeney Interiors,DESIGN,DESIGN_FIRM,Group 3 Low Potential,Floor Removal - Active,0.0,0.0,0,0,FALSE,Y,FALSE,TRUE,N
1014119,JV Design Style,DESIGN,DESIGNER_INDEPENDENT,Group 3 Low Potential,Floor Removal - Active,2340.0,0.0,1,0,FALSE,Y,FALSE,TRUE,N
1013943,"Robin Schultz Interior Design, LLC",DESIGN,DESIGNER_INDEPENDENT,Group 3 Low Potential,Floor Removal - Active,0.0,0.0,0,0,FALSE,Y,FALSE,TRUE,N
1013722,David Anthony Co LLC,DESIGN,DESIGNER_INDEPENDENT,Group 3 Low Potential,Floor Removal - Active,0.0,0.0,0,0,FALSE,Y,FALSE,TRUE,N
1013219,Pavillion Outdoor Furnishings,DESIGN,DESIGNER_INDEPENDENT,Group 3 Low Potential,Floor Removal - Active,0.0,0.0,0,0,FALSE,Y,FALSE,TRUE,N
1013250,Shannon Terry Interiors,DESIGN,DESIGNER_INDEPENDENT,Group 3 Low Potential,Floor Removal - Active,6521.0,0.0,3,0,FALSE,Y,FALSE,TRUE,N
1012657,LBC Architecture and Design,DESIGN,DESIGNER_INDEPENDENT,Group 3 Low Potential,Floor Removal - Active,100.0,0.0,0,0,FALSE,Y,FALSE,TRUE,N
1012913,Michael's Carpet and Flooring,DESIGN,DESIGN_FIRM,Group 3 Low Potential,Floor Removal - Active,2310.0,0.0,2,0,FALSE,Y,FALSE,TRUE,N
1012992,"RK Interiors, Inc",DESIGN,DESIGN_FIRM,Group 3 Low Potential,Floor Removal - Active,2322.0,0.0,1,0,FALSE,Y,FALSE,TRUE,N
1011918,Ford Design Studio,DESIGN,DESIGN_FIRM,Group 3 Low Potential,Floor Removal - Active,0.0,0.0,0,0,FALSE,Y,FALSE,TRUE,N
1011769,"Reehl Interiors, Inc.",DESIGN,DESIGNER_INDEPENDENT,Group 3 Low Potential,Floor Removal - Active,2967.39,0.0,1,0,FALSE,Y,FALSE,TRUE,N
1011728,Philip Andrew Interiors,DESIGN,DESIGNER_INDEPENDENT,Group 3 Low Potential,Floor Removal - Active,0.0,0.0,0,0,FALSE,Y,FALSE,TRUE,N
1012583,"A and J Interiors, LLC",DESIGN,DESIGNER_INDEPENDENT,Group 3 Low Potential,Floor Removal - Active,0.0,0.0,0,0,FALSE,Y,FALSE,TRUE,N
1011650,"Atelier Mark David, LLC",DESIGN,DESIGNER_INDEPENDENT,Group 3 Low Potential,Floor Removal - Active,0.0,0.0,0,0,FALSE,Y,FALSE,TRUE,N
1011514,"Art of Decoration, Inc.",DESIGN,DESIGNER_INDEPENDENT,Group 3 Low Potential,Floor Removal - Active,0.0,0.0,0,0,FALSE,Y,FALSE,TRUE,N
1011566,J Bradwells,DESIGN,DESIGN_FIRM,Group 3 Low Potential,Floor Removal - Active,75.0,0.0,1,0,FALSE,Y,FALSE,TRUE,N
1014761,Sandra Funk Levy DBA House of Funk,DESIGN,DESIGN_FIRM,Group 3 Low Potential,Floor Removal - Active,0.0,0.0,0,0,FALSE,Y,FALSE,TRUE,N
1018776,Rinehardt Miller Interiors,DESIGN,DESIGNER_INDEPENDENT,Group 3 Low Potential,Floor Removal - Active,0.0,0.0,0,1,FALSE,Y,FALSE,TRUE,N
1018655,Kathy Pereira Designs,DESIGN,DESIGNER_INDEPENDENT,Group 3 Low Potential,Floor Removal - Active,0.0,0.0,0,0,FALSE,Y,FALSE,TRUE,N
1018556,ID Fusion,DESIGN,DESIGNER_INDEPENDENT,Group 3 Low Potential,Floor Removal - Active,0.0,0.0,0,0,FALSE,Y,FALSE,TRUE,N
1017521,Donna Donaldson Home & Interiors,DESIGN,DESIGN_FIRM,Group 3 Low Potential,Floor Removal - Active,2337.0,0.0,5,0,FALSE,Y,FALSE,TRUE,N
1011034,Tracy Dart Design,DESIGN,DESIGNER_INDEPENDENT,Group 3 Low Potential,Floor Removal - Active,11605.61,0.0,2,0,FALSE,Y,FALSE,TRUE,N
1017233,Joan Ravasy Design,DESIGN,DESIGNER_INDEPENDENT,Group 3 Low Potential,Floor Removal - Active,0.0,0.0,0,0,FALSE,Y,FALSE,TRUE,N
1016775,At Home Custom Interiors,DESIGN,DESIGN_FIRM,Group 3 Low Potential,Floor Removal - Active,1559.3,0.0,5,0,FALSE,Y,FALSE,TRUE,N
1016683,Freeman Hall Designs,DESIGN,DESIGNER_INDEPENDENT,Group 3 Low Potential,Floor Removal - Active,0.0,0.0,0,0,FALSE,Y,FALSE,TRUE,N
1019589,Allen Design,DESIGN,DESIGNER_INDEPENDENT,Group 3 Low Potential,Floor Removal - Active,4825.5,0.0,7,0,FALSE,Y,FALSE,TRUE,N
1019265,Melissa Lynn Designs-Decorating Den,DESIGN,DESIGNER_INDEPENDENT,Group 3 Low Potential,Floor Removal - Active,1698.0,0.0,2,0,FALSE,Y,FALSE,TRUE,N
1019036,Susan Farcy Interior Design,DESIGN,DESIGNER_INDEPENDENT,Group 3 Low Potential,Floor Removal - Active,0.0,0.0,0,0,FALSE,Y,FALSE,TRUE,N
1019201,TF Designs,DESIGN,DESIGN_FIRM,Group 3 Low Potential,Floor Removal - Active,0.0,0.0,0,0,FALSE,Y,FALSE,TRUE,N
1014865,SMS Interior Designs-Decorating Den,DESIGN,DESIGNER_INDEPENDENT,Group 3 Low Potential,Floor Removal - Active,172.0,0.0,2,0,FALSE,Y,FALSE,TRUE,N
1014937,Home Krush LLC,DESIGN,DESIGNER_INDEPENDENT,Group 3 Low Potential,Floor Removal - Active,0.0,0.0,0,0,FALSE,Y,FALSE,TRUE,N
1015924,michal miara interiors,DESIGN,DESIGNER_INDEPENDENT,Group 3 Low Potential,Floor Removal - Active,855.0,0.0,3,1,FALSE,Y,FALSE,TRUE,N
1014284,FTA Design Studio,DESIGN,DESIGNER_INDEPENDENT,Group 3 Low Potential,Floor Removal - Active,0.0,0.0,0,0,FALSE,Y,FALSE,TRUE,N
1021326,Cathy Valva Interiors,DESIGN,DESIGNER_INDEPENDENT,Group 3 Low Potential,Floor Removal - Active,1215.0,0.0,1,1,FALSE,Y,FALSE,TRUE,N
1021013,Diane Picyk Interiors,DESIGN,DESIGNER_INDEPENDENT,Group 3 Low Potential,Floor Removal - Active,0.0,0.0,0,0,FALSE,Y,FALSE,TRUE,N
1020651,DESIGN HUB HOME,DESIGN,DESIGN_FIRM,Group 3 Low Potential,Floor Removal - Active,0.0,0.0,0,0,FALSE,Y,FALSE,TRUE,N
1019733,Alexandra Conn Design Concepts,DESIGN,DESIGNER_INDEPENDENT,Group 3 Low Potential,Floor Removal - Active,0.0,0.0,0,0,FALSE,Y,FALSE,TRUE,N
1021343,Sarah Brown Interiors,DESIGN,DESIGNER_INDEPENDENT,Group 3 Low Potential,Floor Removal - Active,710.0,0.0,1,0,FALSE,Y,FALSE,TRUE,N
1021450,Theodoraâ€™s Gracious Gift and Design,DESIGN,DESIGNER_INDEPENDENT,Group 3 Low Potential,Floor Removal - Active,0.0,0.0,0,0,FALSE,Y,FALSE,TRUE,N
1021626,Artistica Interiors,DESIGN,DESIGNER_INDEPENDENT,Group 3 Low Potential,Floor Removal - Active,0.0,0.0,0,0,FALSE,Y,FALSE,TRUE,N
1021720,Deborah Leamann Interior Design LLC,DESIGN,DESIGN_FIRM,Group 3 Low Potential,Floor Removal - Active,0.0,0.0,0,0,FALSE,Y,FALSE,TRUE,N
1022116,"D. Lowenstein Interiors, LLC",DESIGN,DESIGNER_INDEPENDENT,Group 3 Low Potential,Floor Removal - Active,0.0,0.0,0,0,FALSE,Y,FALSE,TRUE,N
1022170,Speedwell Interiors,DESIGN,DESIGN_FIRM,Group 3 Low Potential,Floor Removal - Active,1160.0,0.0,1,0,FALSE,Y,FALSE,TRUE,N
1022183,A&A Unlimited,DESIGN,DESIGNER_INDEPENDENT,Group 3 Low Potential,Floor Removal - Active,0.0,0.0,0,0,FALSE,Y,FALSE,TRUE,N
1022187,"Kathleen Barlotta Designs, LLC",DESIGN,DESIGNER_INDEPENDENT,Group 3 Low Potential,Floor Removal - Active,0.0,0.0,0,0,FALSE,Y,FALSE,TRUE,N
1021815,LA Home,DESIGN,DESIGNER_INDEPENDENT,Group 3 Low Potential,Floor Removal - Active,2557.0,0.0,3,0,FALSE,Y,FALSE,TRUE,N
1021825,Design MACS,DESIGN,DESIGN_FIRM,Group 3 Low Potential,Floor Removal - Active,0.0,0.0,0,0,FALSE,Y,FALSE,TRUE,N
1021892,Picnic House Designs,DESIGN,DESIGNER_INDEPENDENT,Group 3 Low Potential,Floor Removal - Active,0.0,0.0,0,0,FALSE,Y,FALSE,TRUE,N
1022012,Bee Hive Interiors,DESIGN,DESIGN_FIRM,Group 3 Low Potential,Floor Removal - Active,6124.08,0.0,5,0,FALSE,Y,FALSE,TRUE,N
1023185,Jennifer Muirhead Interiors,DESIGN,DESIGNER_INDEPENDENT,Group 3 Low Potential,Floor Removal - Active,3558.0,0.0,1,0,FALSE,Y,FALSE,TRUE,N
1022983,Room Therapy,DESIGN,DESIGN_FIRM,Group 3 Low Potential,Floor Removal - Active,0.0,0.0,0,0,FALSE,Y,FALSE,TRUE,N
1022785,Dobias Interiors,DESIGN,DESIGNER_INDEPENDENT,Group 3 Low Potential,Floor Removal - Active,0.0,0.0,0,0,FALSE,Y,FALSE,TRUE,N
1022502,Design by Efrat,DESIGN,DESIGNER_INDEPENDENT,Group 3 Low Potential,Floor Removal - Active,0.0,0.0,0,0,FALSE,Y,FALSE,TRUE,N
1023350,Bridget Rose Design,DESIGN,DESIGNER_INDEPENDENT,Group 3 Low Potential,Floor Removal - Active,3355.0,0.0,4,0,FALSE,Y,FALSE,TRUE,N
1023458,Iron Gate Interiors,DESIGN,DESIGNER_INDEPENDENT,Group 3 Low Potential,Floor Removal - Active,0.0,0.0,0,0,FALSE,Y,FALSE,TRUE,N
1023537,Staging Theory LLC,DESIGN,DESIGN_FIRM,Group 3 Low Potential,Floor Removal - Active,2586.8,0.0,3,0,FALSE,Y,FALSE,TRUE,N
1023822,SilverLeaf Design,DESIGN,DESIGN_FIRM,Group 3 Low Potential,Floor Removal - Active,0.0,0.0,0,0,FALSE,Y,FALSE,TRUE,N
1024427,social house design,DESIGN,DESIGNER_INDEPENDENT,Group 3 Low Potential,Floor Removal - Active,6355.9,0.0,4,0,FALSE,Y,FALSE,TRUE,N
1024414,TL Interiors,DESIGN,DESIGNER_INDEPENDENT,Group 3 Low Potential,Floor Removal - Active,0.0,0.0,0,0,FALSE,Y,FALSE,TRUE,N
1024096,Domesca RSM LLC,DESIGN,DESIGN_FIRM,Group 3 Low Potential,Floor Removal - Active,555.0,0.0,2,0,FALSE,Y,FALSE,TRUE,N
1024017,Rotelli Interiors LLC,DESIGN,DESIGNER_INDEPENDENT,Group 3 Low Potential,Floor Removal - Active,1665.0,0.0,1,0,FALSE,Y,FALSE,TRUE,N
1026721,Kerry Seely Design,DESIGN,DESIGNER_INDEPENDENT,Group 3 Low Potential,Floor Removal - Active,0.0,0.0,0,0,FALSE,Y,FALSE,TRUE,N
1025340,Backyard Living,DESIGN,DESIGN_FIRM,Group 3 Low Potential,Floor Removal - Active,0.0,0.0,0,0,FALSE,Y,FALSE,TRUE,N
1027832,"Silhouette Studio, LLC",DESIGN,DESIGNER_INDEPENDENT,Group 3 Low Potential,Floor Removal - Active,1160.0,0.0,1,0,FALSE,Y,FALSE,TRUE,N
1027064,CBH Interiors,DESIGN,DESIGNER_INDEPENDENT,Group 3 Low Potential,Floor Removal - Active,0.0,-71.4,1,0,FALSE,Y,FALSE,TRUE,N
,,,,,,,,,,,,,,,
================================================================================,,,,,,,,,,,,,,,
ZERO REVENUE ACCOUNTS: 16 accounts (8 are new 2025 customers),,,,,,,,,,,,,,,
================================================================================,,,,,,,,,,,,,,,
Customer No.,Account_Name,Segment,Sub_Segment,Segment_Label,Total_Rev_2024,Total_Rev_2025,Orders_2024,Orders_2025,Is_New_2025,BTF,Floor_Exception,Floor_Removed,In SF ex BI
1010793,Lawrence-Mayer Interiors,DESIGN,DESIGN_FIRM,Group 3 Low Potential,29634.9,0.0,4,0,FALSE,Y,TRUE,FALSE,N
1026229,BESPOKE home + life,RETAIL,SINGLE_LOCATION,Group 3 Low Potential,913.5,0.0,1,0,FALSE,N,FALSE,FALSE,N
1001627,"Ross and Ross, Inc",RETAIL,SINGLE_LOCATION,Group 3 Low Potential,494.0,0.0,1,0,FALSE,N,FALSE,FALSE,N
1008610,Creative Window Design Center,RETAIL,SINGLE_LOCATION,Group 3 Low Potential,0.0,0.0,0,0,FALSE,N,FALSE,FALSE,N
1013663,Route 9 Wickery Inc - The Wickery,RETAIL,SINGLE_LOCATION,Group 3 Low Potential,0.0,0.0,0,0,FALSE,N,FALSE,FALSE,N
1014022,Ivanka's Home,DESIGN,DESIGNER_INDEPENDENT,Group 3 High Potential,0.0,0.0,0,0,TRUE,N,FALSE,FALSE,N
1010303,Design Consultants (NJ),DESIGN,DESIGN_FIRM,Group 3 High Potential,0.0,0.0,0,0,TRUE,N,FALSE,FALSE,N
1011434,Kelley Karpets,RETAIL,SINGLE_LOCATION,Group 3 Low Potential,0.0,0.0,0,0,FALSE,N,FALSE,FALSE,N
1023443,Lauren Hope Interiors,DESIGN,DESIGNER_INDEPENDENT,Group 3 High Potential,0.0,0.0,0,0,TRUE,N,FALSE,FALSE,N
1021928,Shehadi Commercial Flooring,RETAIL,SINGLE_LOCATION,Group 3 Low Potential,0.0,0.0,0,0,FALSE,N,FALSE,FALSE,N
1026176,MY WAY CARPET INC.,RETAIL,SINGLE_LOCATION,Group 3 Low Potential,0.0,0.0,0,0,FALSE,N,FALSE,FALSE,N
1036584,"Lotus Design, LLC",DESIGN,DESIGNER_INDEPENDENT,Group 3 High Potential,0.0,0.0,0,0,TRUE,N,FALSE,FALSE,N
1037319,justin odle Interiors,DESIGN,DESIGN_FIRM,Group 3 High Potential,0.0,0.0,0,0,TRUE,N,FALSE,FALSE,N
1037989,"Kaleidoscope Interior Design, LLC",DESIGN,DESIGNER_INDEPENDENT,Group 3 High Potential,0.0,0.0,0,0,TRUE,N,FALSE,FALSE,N
1038072,Optimum Flooring,RETAIL,SINGLE_LOCATION,Group 3 High Potential,0.0,0.0,0,0,TRUE,N,FALSE,FALSE,N
1038357,JS Interior Design dba JS Interiors,DESIGN,DESIGN_FIRM,Group 3 High Potential,0.0,0.0,0,0,TRUE,N,FALSE,FALSE,N
,,,,,,,,,,,,,,,
